{
    "images": [
        {
            "height": 600,
            "width": 800,
            "id": 0,
            "file_name": "beobhakgwan_1.jpg"
        },
        {
            "height": 600,
            "width": 800,
            "id": 1,
            "file_name": "beobhakgwan_2.jpg"
        },
        {
            "height": 600,
            "width": 800,
            "id": 2,
            "file_name": "beobhakgwan_3.jpg"
        },
        {
            "height": 600,
            "width": 800,
            "id": 3,
            "file_name": "bongwan_1.jpg"
        },
        {
            "height": 600,
            "width": 800,
            "id": 4,
            "file_name": "bongwan_2.jpg"
        },
        {
            "height": 600,
            "width": 800,
            "id": 5,
            "file_name": "bongwan_3.jpg"
        },
        {
            "height": 600,
            "width": 800,
            "id": 6,
            "file_name": "chaeyookgwan_1.jpg"
        },
        {
            "height": 600,
            "width": 800,
            "id": 7,
            "file_name": "chaeyookgwan_2.jpg"
        },
        {
            "height": 600,
            "width": 800,
            "id": 8,
            "file_name": "chaeyookgwan_3.jpg"
        },
        {
            "height": 600,
            "width": 800,
            "id": 9,
            "file_name": "chungangdoseogwan_1.jpg"
        },
        {
            "height": 600,
            "width": 800,
            "id": 10,
            "file_name": "chungangdoseogwan_2.jpg"
        },
        {
            "height": 600,
            "width": 800,
            "id": 11,
            "file_name": "chungangdoseogwan_3.jpg"
        },
        {
            "height": 600,
            "width": 800,
            "id": 12,
            "file_name": "dahyanggwan_1.jpg"
        },
        {
            "height": 600,
            "width": 800,
            "id": 13,
            "file_name": "dahyanggwan_2.jpg"
        },
        {
            "height": 600,
            "width": 800,
            "id": 14,
            "file_name": "dahyanggwan_3.jpg"
        },
        {
            "height": 600,
            "width": 800,
            "id": 15,
            "file_name": "gwahakgwan_1.jpg"
        },
        {
            "height": 600,
            "width": 800,
            "id": 16,
            "file_name": "gwahakgwan_2.jpg"
        },
        {
            "height": 600,
            "width": 800,
            "id": 17,
            "file_name": "gwahakgwan_3.jpg"
        },
        {
            "height": 600,
            "width": 800,
            "id": 18,
            "file_name": "gyesangwan_1.jpg"
        },
        {
            "height": 600,
            "width": 800,
            "id": 19,
            "file_name": "gyesangwan_2.jpg"
        },
        {
            "height": 600,
            "width": 800,
            "id": 20,
            "file_name": "gyesangwan_3.jpg"
        },
        {
            "height": 600,
            "width": 800,
            "id": 21,
            "file_name": "haklimgwan_1.jpg"
        },
        {
            "height": 600,
            "width": 800,
            "id": 22,
            "file_name": "haklimgwan_2.jpg"
        },
        {
            "height": 600,
            "width": 800,
            "id": 23,
            "file_name": "haklimgwan_3.jpg"
        },
        {
            "height": 600,
            "width": 800,
            "id": 24,
            "file_name": "haksulmunhwagwan_1.jpg"
        },
        {
            "height": 600,
            "width": 800,
            "id": 25,
            "file_name": "haksulmunhwagwan_2.jpg"
        },
        {
            "height": 600,
            "width": 800,
            "id": 26,
            "file_name": "haksulmunhwagwan_3.jpg"
        },
        {
            "height": 600,
            "width": 800,
            "id": 27,
            "file_name": "hyehwagwan_1.jpg"
        },
        {
            "height": 600,
            "width": 800,
            "id": 28,
            "file_name": "hyehwagwan_2.jpg"
        },
        {
            "height": 600,
            "width": 800,
            "id": 29,
            "file_name": "hyehwagwan_3.jpg"
        },
        {
            "height": 600,
            "width": 800,
            "id": 30,
            "file_name": "jeongbomunhwagwan_1.jpg"
        },
        {
            "height": 600,
            "width": 800,
            "id": 31,
            "file_name": "jeongbomunhwagwan_2.jpg"
        },
        {
            "height": 600,
            "width": 800,
            "id": 32,
            "file_name": "jeongbomunhwagwan_3.jpg"
        },
        {
            "height": 600,
            "width": 800,
            "id": 33,
            "file_name": "myungjingwan_1.jpg"
        },
        {
            "height": 600,
            "width": 800,
            "id": 34,
            "file_name": "myungjingwan_2.jpg"
        },
        {
            "height": 600,
            "width": 800,
            "id": 35,
            "file_name": "myungjingwan_3.jpg"
        },
        {
            "height": 600,
            "width": 800,
            "id": 36,
            "file_name": "sangrokwon_1.jpg"
        },
        {
            "height": 600,
            "width": 800,
            "id": 37,
            "file_name": "sangrokwon_2.jpg"
        },
        {
            "height": 600,
            "width": 800,
            "id": 38,
            "file_name": "sangrokwon_3.jpg"
        },
        {
            "height": 600,
            "width": 800,
            "id": 39,
            "file_name": "singonghakgwan_1.jpg"
        },
        {
            "height": 600,
            "width": 800,
            "id": 40,
            "file_name": "singonghakgwan_2.jpg"
        },
        {
            "height": 600,
            "width": 800,
            "id": 41,
            "file_name": "singonghakgwan_3.jpg"
        },
        {
            "height": 600,
            "width": 800,
            "id": 42,
            "file_name": "societyscience_1.jpg"
        },
        {
            "height": 600,
            "width": 800,
            "id": 43,
            "file_name": "societyscience_2.jpg"
        },
        {
            "height": 600,
            "width": 800,
            "id": 44,
            "file_name": "societyscience_3.jpg"
        },
        {
            "height": 600,
            "width": 800,
            "id": 45,
            "file_name": "studentcouncil_1.jpg"
        },
        {
            "height": 600,
            "width": 800,
            "id": 46,
            "file_name": "studentcouncil_2.jpg"
        },
        {
            "height": 600,
            "width": 800,
            "id": 47,
            "file_name": "studentcouncil_3.jpg"
        },
        {
            "height": 600,
            "width": 800,
            "id": 48,
            "file_name": "temple_1.jpg"
        },
        {
            "height": 600,
            "width": 800,
            "id": 49,
            "file_name": "temple_2.jpg"
        },
        {
            "height": 600,
            "width": 800,
            "id": 50,
            "file_name": "temple_3.jpg"
        },
        {
            "height": 600,
            "width": 800,
            "id": 51,
            "file_name": "wonheunggwan_1.jpg"
        },
        {
            "height": 600,
            "width": 800,
            "id": 52,
            "file_name": "wonheunggwan_2.jpg"
        },
        {
            "height": 600,
            "width": 800,
            "id": 53,
            "file_name": "wonheunggwan_3.jpg"
        }
    ],
    "categories": [
        {
            "supercategory": "beobhakgwan",
            "id": 0,
            "name": "beobhakgwan"
        },
        {
            "supercategory": "bongwan",
            "id": 1,
            "name": "bongwan"
        },
        {
            "supercategory": "chaeyookgwan",
            "id": 2,
            "name": "chaeyookgwan"
        },
        {
            "supercategory": "chungangdoseogwan",
            "id": 3,
            "name": "chungangdoseogwan"
        },
        {
            "supercategory": "dahyanggwan",
            "id": 4,
            "name": "dahyanggwan"
        },
        {
            "supercategory": "gwahakgwan",
            "id": 5,
            "name": "gwahakgwan"
        },
        {
            "supercategory": "gyesangwan",
            "id": 6,
            "name": "gyesangwan"
        },
        {
            "supercategory": "haklimgwan",
            "id": 7,
            "name": "haklimgwan"
        },
        {
            "supercategory": "haksulmunhwagwan",
            "id": 8,
            "name": "haksulmunhwagwan"
        },
        {
            "supercategory": "hyehwagwan",
            "id": 9,
            "name": "hyehwagwan"
        },
        {
            "supercategory": "jeongbomunhwagwan",
            "id": 10,
            "name": "jeongbomunhwagwan"
        },
        {
            "supercategory": "myungjingwan",
            "id": 11,
            "name": "myungjingwan"
        },
        {
            "supercategory": "sangrokwon",
            "id": 12,
            "name": "sangrokwon"
        },
        {
            "supercategory": "singonghakgwan",
            "id": 13,
            "name": "singonghakgwan"
        },
        {
            "supercategory": "societyscience",
            "id": 14,
            "name": "societyscience"
        },
        {
            "supercategory": "studentcouncil",
            "id": 15,
            "name": "studentcouncil"
        },
        {
            "supercategory": "temple",
            "id": 16,
            "name": "temple"
        },
        {
            "supercategory": "wonheunggwan",
            "id": 17,
            "name": "wonheunggwan"
        }
    ],
    "annotations": [
        {
            "segmentation": [
                [
                    32.01265822784811,
                    214.55696202531644,
                    16.822784810126578,
                    286.0759493670886,
                    6.063291139240505,
                    287.34177215189874,
                    0.0,
                    319.0,
                    0.0,
                    469.0,
                    364.92405063291136,
                    524.6835443037975,
                    445.30379746835445,
                    501.89873417721515,
                    799.0,
                    540.0,
                    799.1012658227847,
                    0.6329113924050632,
                    312.3924050632911,
                    0.6329113924050632
                ]
            ],
            "iscrowd": 0,
            "area": 367652.0950168242,
            "image_id": 0,
            "bbox": [
                0.0,
                0.0,
                799.0,
                540.0
            ],
            "category_id": 0,
            "id": 1
        },
        {
            "segmentation": [
                [
                    169.98734177215186,
                    218.35443037974682,
                    168.08860759493672,
                    382.27848101265823,
                    797.8354430379746,
                    382.9113924050633,
                    797.8354430379746,
                    1.2658227848101264,
                    686.4430379746835,
                    17.72151898734177,
                    612.3924050632911,
                    160.75949367088606
                ]
            ],
            "iscrowd": 0,
            "area": 148840.93094055442,
            "image_id": 1,
            "bbox": [
                168.0,
                1.0,
                629.0,
                381.0
            ],
            "category_id": 0,
            "id": 2
        },
        {
            "segmentation": [
                [
                    2.8987341772151893,
                    12.658227848101266,
                    454.16455696202524,
                    38.60759493670886,
                    454.16455696202524,
                    163.9240506329114,
                    799.1012658227847,
                    168.35443037974682,
                    798.4683544303797,
                    450.63291139240505,
                    470.62025316455697,
                    455.69620253164555,
                    0.3670886075949369,
                    496.83544303797464
                ]
            ],
            "iscrowd": 0,
            "area": 303210.8235859637,
            "image_id": 2,
            "bbox": [
                0.0,
                12.0,
                799.0,
                484.0
            ],
            "category_id": 0,
            "id": 3
        },
        {
            "segmentation": [
                [
                    282.6455696202531,
                    0.0,
                    395.9367088607595,
                    26.582278481012658,
                    409.2278481012658,
                    14.556962025316455,
                    438.97468354430373,
                    21.51898734177215,
                    438.3417721518987,
                    37.974683544303794,
                    628.8481012658227,
                    86.70886075949366,
                    627.5822784810126,
                    120.25316455696202,
                    651.0,
                    129.1139240506329,
                    658.5949367088607,
                    306.9620253164557,
                    722.5189873417721,
                    320.253164556962,
                    726.3164556962025,
                    333.54430379746833,
                    713.6582278481012,
                    339.2405063291139,
                    728.2151898734177,
                    518.9873417721519,
                    2.2658227848101262,
                    568.3544303797468,
                    2.2658227848101262,
                    1.2658227848101264
                ]
            ],
            "iscrowd": 0,
            "area": 352604.9511296266,
            "image_id": 3,
            "bbox": [
                2.0,
                0.0,
                726.0,
                568.0
            ],
            "category_id": 1,
            "id": 4
        },
        {
            "segmentation": [
                [
                    255.1645569620253,
                    63.92405063291139,
                    799.0,
                    8.0,
                    798.2025316455696,
                    594.3037974683544,
                    424.7848101265822,
                    596.2025316455696,
                    0.0,
                    576.0,
                    14.0253164556962,
                    421.5189873417721,
                    2.632911392405063,
                    418.98734177215186,
                    0.7341772151898738,
                    388.60759493670884,
                    19.721518987341767,
                    385.44303797468353,
                    27.949367088607588,
                    268.3544303797468,
                    3.2658227848101262,
                    258.2278481012658,
                    3.8987341772151893,
                    251.89873417721518,
                    31.113924050632903,
                    246.20253164556962,
                    29.215189873417714,
                    232.2784810126582,
                    44.40506329113924,
                    226.58227848101265,
                    50.1012658227848,
                    196.83544303797467,
                    270.98734177215186,
                    179.1139240506329,
                    268.4556962025316,
                    124.0506329113924,
                    250.73417721518985,
                    100.63291139240506,
                    252.63291139240505,
                    94.30379746835443
                ]
            ],
            "iscrowd": 0,
            "area": 396239.7532446723,
            "image_id": 4,
            "bbox": [
                0.0,
                8.0,
                799.0,
                588.0
            ],
            "category_id": 1,
            "id": 5
        },
        {
            "segmentation": [
                [
                    424.7848101265822,
                    0.0,
                    616.5569620253165,
                    137.34177215189874,
                    615.9240506329114,
                    164.55696202531644,
                    599.4683544303797,
                    174.0506329113924,
                    594.4050632911392,
                    221.51898734177215,
                    715.9240506329113,
                    287.34177215189874,
                    717.1898734177215,
                    305.0632911392405,
                    721.620253164557,
                    319.62025316455697,
                    727.9493670886076,
                    322.7848101265823,
                    731.1139240506328,
                    400.0,
                    766.5569620253165,
                    413.92405063291136,
                    766.5569620253165,
                    424.05063291139237,
                    760.2278481012657,
                    424.05063291139237,
                    766.5569620253165,
                    524.6835443037975,
                    0.10126582278481067,
                    546.8354430379746,
                    1.3670886075949369,
                    0.6329113924050632
                ]
            ],
            "iscrowd": 0,
            "area": 350273.393686909,
            "image_id": 5,
            "bbox": [
                0.0,
                0.0,
                766.0,
                546.0
            ],
            "category_id": 1,
            "id": 6
        },
        {
            "segmentation": [
                [
                    0.7341772151898738,
                    213.2911392405063,
                    202.63291139240505,
                    176.58227848101265,
                    284.9113924050633,
                    117.0886075949367,
                    412.126582278481,
                    64.55696202531645,
                    539.9746835443037,
                    38.60759493670886,
                    660.2278481012657,
                    39.87341772151898,
                    799.0,
                    57.0,
                    798.8354430379746,
                    598.7341772151899,
                    3.2658227848101262,
                    599.367088607595
                ]
            ],
            "iscrowd": 0,
            "area": 396641.0511136036,
            "image_id": 6,
            "bbox": [
                0.0,
                38.0,
                799.0,
                561.0
            ],
            "category_id": 2,
            "id": 7
        },
        {
            "segmentation": [
                [
                    2.632911392405063,
                    101.89873417721519,
                    127.31645569620252,
                    105.0632911392405,
                    222.25316455696202,
                    67.0886075949367,
                    325.4177215189873,
                    53.79746835443038,
                    428.5822784810126,
                    56.962025316455694,
                    539.3417721518987,
                    94.30379746835443,
                    596.9367088607595,
                    125.94936708860759,
                    676.6835443037975,
                    134.1772151898734,
                    719.0886075949367,
                    518.3544303797468,
                    539.3417721518987,
                    513.9240506329114,
                    537.4430379746835,
                    519.620253164557,
                    0.0,
                    493.0
                ]
            ],
            "iscrowd": 0,
            "area": 293135.09453613206,
            "image_id": 7,
            "bbox": [
                0.0,
                53.0,
                719.0,
                466.0
            ],
            "category_id": 2,
            "id": 8
        },
        {
            "segmentation": [
                [
                    103.89873417721518,
                    0.0,
                    186.17721518987338,
                    8.860759493670885,
                    300.73417721518985,
                    41.13924050632911,
                    397.56962025316454,
                    87.34177215189872,
                    484.9113924050632,
                    160.126582278481,
                    631.1139240506329,
                    223.41772151898732,
                    643.7721518987341,
                    220.88607594936707,
                    655.7974683544303,
                    305.0632911392405,
                    632.379746835443,
                    310.75949367088606,
                    652.632911392405,
                    393.0379746835443,
                    674.7848101265822,
                    387.34177215189874,
                    682.379746835443,
                    420.253164556962,
                    640.6075949367088,
                    446.83544303797464,
                    404.53164556962025,
                    529.1139240506329,
                    188.70886075949363,
                    596.8354430379746,
                    2.0,
                    597.4683544303797,
                    0.7341772151898738,
                    0.0
                ]
            ],
            "iscrowd": 0,
            "area": 300788.53549110726,
            "image_id": 8,
            "bbox": [
                0.0,
                0.0,
                682.0,
                597.0
            ],
            "category_id": 2,
            "id": 9
        },
        {
            "segmentation": [
                [
                    1.3670886075949369,
                    39.87341772151898,
                    99.46835443037975,
                    38.60759493670886,
                    113.39240506329114,
                    58.22784810126582,
                    696.3037974683544,
                    44.303797468354425,
                    731.1139240506328,
                    553.1645569620252,
                    327.9493670886076,
                    555.0632911392405,
                    0.0,
                    558.0
                ]
            ],
            "iscrowd": 0,
            "area": 360698.5018426534,
            "image_id": 9,
            "bbox": [
                0.0,
                38.0,
                731.0,
                520.0
            ],
            "category_id": 3,
            "id": 10
        },
        {
            "segmentation": [
                [
                    304.53164556962025,
                    3.7974683544303796,
                    323.5189873417721,
                    17.72151898734177,
                    422.88607594936707,
                    17.088607594936708,
                    428.5822784810126,
                    25.949367088607595,
                    613.3924050632911,
                    22.78481012658228,
                    622.253164556962,
                    0.0,
                    721.620253164557,
                    0.6329113924050632,
                    736.1772151898734,
                    575.3164556962025,
                    0.10126582278481067,
                    521.5189873417721,
                    2.0,
                    0.0
                ]
            ],
            "iscrowd": 0,
            "area": 391723.4818138119,
            "image_id": 10,
            "bbox": [
                0.0,
                0.0,
                736.0,
                575.0
            ],
            "category_id": 3,
            "id": 11
        },
        {
            "segmentation": [
                [
                    0.10126582278481067,
                    215.82278481012656,
                    291.873417721519,
                    94.30379746835443,
                    305.1645569620253,
                    100.63291139240506,
                    558.3291139240506,
                    0.6329113924050632,
                    798.8354430379746,
                    0.6329113924050632,
                    798.8354430379746,
                    596.8354430379746,
                    323.5189873417721,
                    535.4430379746835,
                    0.0,
                    512.0,
                    0.0,
                    213.0,
                    0.0,
                    214.0
                ]
            ],
            "iscrowd": 0,
            "area": 378998.0961384393,
            "image_id": 11,
            "bbox": [
                0.0,
                0.0,
                798.0,
                596.0
            ],
            "category_id": 3,
            "id": 12
        },
        {
            "segmentation": [
                [
                    140.60759493670886,
                    25.949367088607595,
                    429.8481012658227,
                    86.70886075949366,
                    429.8481012658227,
                    156.96202531645568,
                    799.0,
                    216.0,
                    798.2025316455696,
                    516.4556962025316,
                    27.949367088607588,
                    572.1518987341772,
                    29.215189873417714,
                    512.0253164556962,
                    123.51898734177215,
                    496.2025316455696,
                    115.29113924050631,
                    302.53164556962025,
                    119.08860759493669,
                    151.26582278481013
                ]
            ],
            "iscrowd": 0,
            "area": 286702.7960262778,
            "image_id": 12,
            "bbox": [
                27.0,
                25.0,
                772.0,
                547.0
            ],
            "category_id": 4,
            "id": 13
        },
        {
            "segmentation": [
                [
                    258.9620253164557,
                    65.82278481012658,
                    229.84810126582278,
                    191.77215189873417,
                    225.41772151898732,
                    532.2784810126582,
                    164.0253164556962,
                    540.506329113924,
                    163.3924050632911,
                    596.8354430379746,
                    255.1645569620253,
                    596.8354430379746,
                    441.24050632911394,
                    577.2151898734177,
                    479.21518987341767,
                    585.4430379746835,
                    799.0,
                    556.0,
                    799.4683544303797,
                    206.32911392405063,
                    545.0379746835442,
                    176.58227848101265,
                    538.0759493670886,
                    163.2911392405063,
                    536.8101265822785,
                    110.75949367088607
                ]
            ],
            "iscrowd": 0,
            "area": 255522.27607755177,
            "image_id": 13,
            "bbox": [
                163.0,
                65.0,
                636.0,
                531.0
            ],
            "category_id": 4,
            "id": 14
        },
        {
            "segmentation": [
                [
                    56.43037974683543,
                    68.9873417721519,
                    28.58227848101265,
                    352.53164556962025,
                    13.392405063291136,
                    470.253164556962,
                    0.0,
                    467.0,
                    0.0,
                    517.0,
                    186.81012658227849,
                    481.0126582278481,
                    214.0253164556962,
                    488.60759493670884,
                    691.873417721519,
                    391.77215189873414,
                    662.126582278481,
                    317.0886075949367,
                    296.9367088607595,
                    202.53164556962025,
                    297.56962025316454,
                    163.2911392405063
                ]
            ],
            "iscrowd": 0,
            "area": 165050.07210382947,
            "image_id": 14,
            "bbox": [
                0.0,
                68.0,
                691.0,
                449.0
            ],
            "category_id": 4,
            "id": 15
        },
        {
            "segmentation": [
                [
                    0.10126582278481067,
                    96.83544303797468,
                    26.68354430379746,
                    100.0,
                    36.810126582278485,
                    71.51898734177215,
                    61.49367088607593,
                    89.24050632911393,
                    112.75949367088606,
                    85.44303797468353,
                    114.02531645569618,
                    100.63291139240506,
                    342.50632911392404,
                    96.83544303797468,
                    343.77215189873414,
                    70.88607594936708,
                    350.73417721518985,
                    70.25316455696202,
                    362.126582278481,
                    97.46835443037975,
                    608.9620253164557,
                    97.46835443037975,
                    608.9620253164557,
                    105.69620253164557,
                    626.6835443037975,
                    109.49367088607595,
                    681.1139240506329,
                    482.27848101265823,
                    0.0,
                    465.0
                ]
            ],
            "iscrowd": 0,
            "area": 246327.4395128986,
            "image_id": 15,
            "bbox": [
                0.0,
                70.0,
                681.0,
                412.0
            ],
            "category_id": 5,
            "id": 16
        },
        {
            "segmentation": [
                [
                    130.1139240506329,
                    289.873417721519,
                    179.48101265822783,
                    263.92405063291136,
                    197.83544303797464,
                    268.98734177215186,
                    714.2911392405063,
                    1.8987341772151898,
                    798.4683544303797,
                    1.2658227848101264,
                    799.1012658227847,
                    509.4936708860759,
                    108.59493670886076,
                    481.6455696202531
                ]
            ],
            "iscrowd": 0,
            "area": 245087.32574907865,
            "image_id": 16,
            "bbox": [
                108.0,
                1.0,
                691.0,
                508.0
            ],
            "category_id": 5,
            "id": 17
        },
        {
            "segmentation": [
                [
                    430.11392405063293,
                    1.2658227848101264,
                    799.0,
                    114.0,
                    797.2025316455696,
                    598.1012658227847,
                    2.2658227848101262,
                    599.367088607595,
                    1.0,
                    0.0
                ]
            ],
            "iscrowd": 0,
            "area": 455443.5427014901,
            "image_id": 17,
            "bbox": [
                1.0,
                0.0,
                798.0,
                599.0
            ],
            "category_id": 5,
            "id": 18
        },
        {
            "segmentation": [
                [
                    163.65822784810126,
                    0.6329113924050632,
                    126.94936708860757,
                    8.227848101265822,
                    129.48101265822783,
                    20.253164556962023,
                    109.86075949367088,
                    134.81012658227849,
                    80.1139240506329,
                    137.9746835443038,
                    82.64556962025316,
                    150.63291139240505,
                    15.556962025316452,
                    498.73417721518985,
                    40.87341772151899,
                    496.83544303797464,
                    25.0506329113924,
                    596.8354430379746,
                    797.2025316455696,
                    597.4683544303797,
                    799.1012658227847,
                    1.2658227848101264
                ]
            ],
            "iscrowd": 0,
            "area": 437884.5537574106,
            "image_id": 18,
            "bbox": [
                15.0,
                0.0,
                784.0,
                597.0
            ],
            "category_id": 6,
            "id": 19
        },
        {
            "segmentation": [
                [
                    342.1392405063291,
                    0.0,
                    423.7848101265822,
                    36.70886075949367,
                    420.62025316455697,
                    84.81012658227847,
                    447.83544303797464,
                    23.417721518987342,
                    526.3164556962025,
                    58.860759493670884,
                    569.9873417721519,
                    41.13924050632911,
                    715.5569620253165,
                    115.18987341772151,
                    719.9873417721518,
                    153.1645569620253,
                    737.7088607594936,
                    163.9240506329114,
                    798.4683544303797,
                    439.873417721519,
                    797.2025316455696,
                    596.8354430379746,
                    2.2658227848101262,
                    598.7341772151899,
                    2.2658227848101262,
                    1.8987341772151898
                ]
            ],
            "iscrowd": 0,
            "area": 434217.67344976764,
            "image_id": 19,
            "bbox": [
                2.0,
                0.0,
                796.0,
                598.0
            ],
            "category_id": 6,
            "id": 20
        },
        {
            "segmentation": [
                [
                    0.3670886075949369,
                    31.645569620253163,
                    110.49367088607593,
                    112.65822784810126,
                    175.68354430379748,
                    1.2658227848101264,
                    435.8101265822785,
                    279.1139240506329,
                    436.44303797468353,
                    337.34177215189874,
                    497.83544303797464,
                    308.86075949367086,
                    514.9240506329114,
                    330.37974683544303,
                    537.7088607594936,
                    334.8101265822785,
                    576.3164556962025,
                    379.1139240506329,
                    625.6835443037975,
                    596.2025316455696,
                    1.6329113924050631,
                    598.7341772151899
                ]
            ],
            "iscrowd": 0,
            "area": 254196.44287774398,
            "image_id": 20,
            "bbox": [
                0.0,
                1.0,
                625.0,
                597.0
            ],
            "category_id": 6,
            "id": 21
        },
        {
            "segmentation": [
                [
                    157.3291139240506,
                    0.6329113924050632,
                    122.51898734177215,
                    193.67088607594937,
                    106.69620253164555,
                    597.4683544303797,
                    309.2278481012658,
                    598.7341772151899,
                    797.2025316455696,
                    564.5569620253165,
                    799.1012658227847,
                    222.1518987341772,
                    657.9620253164557,
                    122.78481012658227,
                    648.4683544303797,
                    82.27848101265822,
                    556.0632911392405,
                    11.39240506329114,
                    535.1772151898734,
                    37.34177215189873,
                    484.5443037974683,
                    1.2658227848101264
                ]
            ],
            "iscrowd": 0,
            "area": 364628.4649895849,
            "image_id": 21,
            "bbox": [
                106.0,
                0.0,
                693.0,
                598.0
            ],
            "category_id": 7,
            "id": 22
        },
        {
            "segmentation": [
                [
                    0.3670886075949369,
                    57.59493670886076,
                    73.78481012658227,
                    64.55696202531645,
                    66.18987341772151,
                    50.0,
                    130.74683544303795,
                    53.164556962025316,
                    138.3417721518987,
                    68.35443037974683,
                    252.89873417721515,
                    75.94936708860759,
                    257.9620253164557,
                    34.177215189873415,
                    474.41772151898726,
                    46.20253164556962,
                    481.37974683544303,
                    85.44303797468353,
                    797.8354430379746,
                    105.69620253164557,
                    799.1012658227847,
                    595.5696202531645,
                    1.0,
                    597.4683544303797
                ]
            ],
            "iscrowd": 0,
            "area": 420060.0865245954,
            "image_id": 22,
            "bbox": [
                0.0,
                34.0,
                799.0,
                563.0
            ],
            "category_id": 7,
            "id": 23
        },
        {
            "segmentation": [
                [
                    149.1012658227848,
                    310.75949367088606,
                    190.24050632911388,
                    279.746835443038,
                    196.56962025316454,
                    256.3291139240506,
                    227.58227848101262,
                    231.64556962025316,
                    240.24050632911388,
                    237.3417721518987,
                    414.9240506329114,
                    91.13924050632912,
                    408.59493670886076,
                    83.54430379746834,
                    443.4050632911392,
                    55.69620253164557,
                    448.4683544303797,
                    61.392405063291136,
                    529.4810126582278,
                    0.6329113924050632,
                    798.4683544303797,
                    1.2658227848101264,
                    799.1012658227847,
                    598.7341772151899,
                    345.9367088607595,
                    599.367088607595,
                    95.9367088607595,
                    487.34177215189874
                ]
            ],
            "iscrowd": 0,
            "area": 327898.9745233136,
            "image_id": 23,
            "bbox": [
                95.0,
                0.0,
                704.0,
                599.0
            ],
            "category_id": 7,
            "id": 24
        },
        {
            "segmentation": [
                [
                    223.15189873417722,
                    1.8987341772151898,
                    654.1645569620252,
                    146.83544303797467,
                    799.0,
                    45.0,
                    799.0,
                    202.0,
                    722.5189873417721,
                    236.70886075949366,
                    799.0,
                    261.0,
                    799.1012658227847,
                    598.1012658227847,
                    0.3670886075949369,
                    598.7341772151899,
                    0.3670886075949369,
                    1.2658227848101264
                ]
            ],
            "iscrowd": 0,
            "area": 429379.0479089889,
            "image_id": 24,
            "bbox": [
                0.0,
                1.0,
                799.0,
                597.0
            ],
            "category_id": 8,
            "id": 25
        },
        {
            "segmentation": [
                [
                    0.3670886075949369,
                    36.075949367088604,
                    155.43037974683543,
                    0.6329113924050632,
                    286.44303797468353,
                    1.2658227848101264,
                    304.1645569620253,
                    43.67088607594936,
                    523.1518987341772,
                    1.2658227848101264,
                    798.4683544303797,
                    0.6329113924050632,
                    799.1012658227847,
                    596.2025316455696,
                    1.0,
                    596.8354430379746,
                    0.0,
                    375.0,
                    0.0,
                    34.0
                ]
            ],
            "iscrowd": 0,
            "area": 467816.4301394007,
            "image_id": 25,
            "bbox": [
                0.0,
                0.0,
                799.0,
                596.0
            ],
            "category_id": 8,
            "id": 26
        },
        {
            "segmentation": [
                [
                    198.46835443037975,
                    183.54430379746836,
                    195.9367088607595,
                    200.0,
                    209.86075949367086,
                    210.75949367088606,
                    205.43037974683546,
                    237.3417721518987,
                    137.07594936708858,
                    275.3164556962025,
                    95.9367088607595,
                    425.9493670886076,
                    112.39240506329114,
                    428.4810126582278,
                    87.07594936708861,
                    520.8860759493671,
                    207.9620253164557,
                    598.1012658227847,
                    799.7341772151898,
                    599.367088607595,
                    797.2025316455696,
                    1.2658227848101264,
                    466.1898734177215,
                    0.0
                ]
            ],
            "iscrowd": 0,
            "area": 360858.43614805315,
            "image_id": 26,
            "bbox": [
                87.0,
                0.0,
                712.0,
                599.0
            ],
            "category_id": 8,
            "id": 27
        },
        {
            "segmentation": [
                [
                    97.30379746835442,
                    254.43037974683543,
                    404.89873417721515,
                    139.873417721519,
                    405.53164556962025,
                    120.25316455696202,
                    505.5316455696202,
                    80.37974683544303,
                    511.22784810126575,
                    99.36708860759494,
                    781.4810126582278,
                    0.0,
                    798.5696202531645,
                    1.2658227848101264,
                    799.0,
                    317.0,
                    799.0,
                    462.0,
                    56.1645569620253,
                    463.2911392405063
                ]
            ],
            "iscrowd": 0,
            "area": 244131.0022432303,
            "image_id": 27,
            "bbox": [
                56.0,
                0.0,
                743.0,
                463.0
            ],
            "category_id": 9,
            "id": 28
        },
        {
            "segmentation": [
                [
                    1.7341772151898738,
                    58.860759493670884,
                    798.5696202531645,
                    124.0506329113924,
                    797.3037974683544,
                    429.746835443038,
                    0.0,
                    426.0
                ]
            ],
            "iscrowd": 0,
            "area": 268200.0480692197,
            "image_id": 28,
            "bbox": [
                0.0,
                58.0,
                798.0,
                371.0
            ],
            "category_id": 9,
            "id": 29
        },
        {
            "segmentation": [
                [
                    237.17721518987338,
                    2.531645569620253,
                    680.2151898734177,
                    206.32911392405063,
                    719.4556962025316,
                    577.2151898734177,
                    617.5569620253165,
                    598.7341772151899,
                    1.1012658227848107,
                    598.1012658227847,
                    1.7341772151898738,
                    1.8987341772151898
                ]
            ],
            "iscrowd": 0,
            "area": 366460.5031244992,
            "image_id": 29,
            "bbox": [
                1.0,
                1.0,
                718.0,
                597.0
            ],
            "category_id": 9,
            "id": 30
        },
        {
            "segmentation": [
                [
                    354.89873417721515,
                    1.2658227848101264,
                    374.5189873417721,
                    117.72151898734177,
                    401.1012658227848,
                    117.0886075949367,
                    404.2658227848101,
                    103.79746835443038,
                    585.9113924050632,
                    94.30379746835443,
                    599.8354430379746,
                    174.0506329113924,
                    630.2151898734177,
                    172.78481012658227,
                    621.9873417721519,
                    108.86075949367088,
                    797.9367088607595,
                    37.974683544303794,
                    798.5696202531645,
                    498.1012658227848,
                    697.9367088607595,
                    528.4810126582278,
                    609.3291139240506,
                    556.3291139240506,
                    385.27848101265823,
                    595.5696202531645,
                    365.02531645569616,
                    596.8354430379746,
                    353.63291139240505,
                    577.8481012658227,
                    312.4936708860759,
                    589.873417721519,
                    289.70886075949363,
                    573.4177215189873,
                    230.84810126582278,
                    568.9873417721519,
                    234.64556962025313,
                    550.0,
                    128.31645569620252,
                    536.7088607594936,
                    137.81012658227846,
                    524.0506329113924,
                    141.60759493670886,
                    482.27848101265823,
                    84.64556962025316,
                    448.1012658227848,
                    37.17721518987341,
                    404.4303797468354,
                    0.0,
                    382.0,
                    0.46835443037974755,
                    1.2658227848101264
                ]
            ],
            "iscrowd": 0,
            "area": 386237.9546547029,
            "image_id": 30,
            "bbox": [
                0.0,
                1.0,
                798.0,
                595.0
            ],
            "category_id": 10,
            "id": 31
        },
        {
            "segmentation": [
                [
                    358.69620253164555,
                    2.531645569620253,
                    371.3544303797468,
                    41.77215189873417,
                    407.4303797468354,
                    35.44303797468354,
                    408.0632911392405,
                    15.189873417721518,
                    490.3417721518987,
                    0.0,
                    660.5949367088607,
                    1.2658227848101264,
                    673.253164556962,
                    72.15189873417721,
                    730.2151898734177,
                    63.92405063291139,
                    720.7215189873417,
                    1.8987341772151898,
                    799.0,
                    1.0,
                    798.5696202531645,
                    556.3291139240506,
                    766.9240506329113,
                    571.5189873417721,
                    670.0886075949367,
                    591.7721518987341,
                    630.2151898734177,
                    598.7341772151899,
                    189.07594936708858,
                    598.7341772151899,
                    21.987341772151893,
                    577.8481012658227,
                    37.17721518987341,
                    541.7721518987341,
                    30.848101265822777,
                    510.75949367088606,
                    0.0,
                    488.0,
                    1.7341772151898738,
                    2.531645569620253
                ]
            ],
            "iscrowd": 0,
            "area": 462786.29226085567,
            "image_id": 31,
            "bbox": [
                0.0,
                0.0,
                799.0,
                598.0
            ],
            "category_id": 10,
            "id": 32
        },
        {
            "segmentation": [
                [
                    1.1012658227848107,
                    0.6329113924050632,
                    300.46835443037975,
                    0.6329113924050632,
                    351.1012658227848,
                    58.860759493670884,
                    460.5949367088607,
                    0.0,
                    468.1898734177215,
                    6.329113924050633,
                    477.0506329113924,
                    0.6329113924050632,
                    577.6835443037975,
                    0.0,
                    587.1772151898734,
                    44.303797468354425,
                    640.9746835443037,
                    22.151898734177212,
                    698.5696202531645,
                    479.746835443038,
                    596.6708860759493,
                    465.1898734177215,
                    139.07594936708858,
                    481.0126582278481,
                    114.39240506329114,
                    470.88607594936707,
                    85.91139240506328,
                    470.88607594936707,
                    79.58227848101265,
                    462.02531645569616,
                    87.81012658227849,
                    446.2025316455696,
                    0.0,
                    427.0
                ]
            ],
            "iscrowd": 0,
            "area": 305654.4183624419,
            "image_id": 32,
            "bbox": [
                0.0,
                0.0,
                698.0,
                481.0
            ],
            "category_id": 10,
            "id": 33
        },
        {
            "segmentation": [
                [
                    5.5316455696202524,
                    1.2658227848101264,
                    158.0632911392405,
                    27.21518987341772,
                    158.0632911392405,
                    0.0,
                    371.3544303797468,
                    1.2658227848101264,
                    372.6202531645569,
                    68.35443037974683,
                    699.2025316455696,
                    127.84810126582278,
                    739.7088607594936,
                    110.75949367088607,
                    795.4050632911392,
                    72.78481012658227,
                    797.9367088607595,
                    75.31645569620252,
                    797.3037974683544,
                    465.1898734177215,
                    0.0,
                    515.0
                ]
            ],
            "iscrowd": 0,
            "area": 344976.99086684827,
            "image_id": 33,
            "bbox": [
                0.0,
                0.0,
                797.0,
                515.0
            ],
            "category_id": 11,
            "id": 34
        },
        {
            "segmentation": [
                [
                    0.46835443037974755,
                    299.36708860759495,
                    310.59493670886076,
                    251.26582278481013,
                    311.86075949367086,
                    199.36708860759492,
                    316.2911392405063,
                    194.30379746835442,
                    311.86075949367086,
                    37.34177215189873,
                    470.7215189873417,
                    3.1645569620253164,
                    473.253164556962,
                    13.291139240506329,
                    485.9113924050632,
                    132.27848101265823,
                    494.77215189873414,
                    148.1012658227848,
                    498.56962025316454,
                    224.0506329113924,
                    799.0,
                    178.0,
                    799.0,
                    493.0,
                    472.62025316455697,
                    501.89873417721515,
                    452.36708860759495,
                    564.5569620253165,
                    445.4050632911392,
                    598.1012658227847,
                    209.3291139240506,
                    597.4683544303797,
                    218.82278481012656,
                    582.2784810126582,
                    234.64556962025313,
                    579.1139240506329,
                    253.0,
                    542.4050632911392,
                    261.2278481012658,
                    541.1392405063291,
                    2.367088607594937,
                    550.0
                ]
            ],
            "iscrowd": 0,
            "area": 278291.799391123,
            "image_id": 34,
            "bbox": [
                0.0,
                3.0,
                799.0,
                595.0
            ],
            "category_id": 11,
            "id": 35
        },
        {
            "segmentation": [
                [
                    128.31645569620252,
                    444.9367088607595,
                    131.48101265822783,
                    247.46835443037975,
                    181.48101265822783,
                    188.60759493670886,
                    230.21518987341773,
                    222.78481012658227,
                    257.4303797468354,
                    227.84810126582278,
                    544.1392405063291,
                    146.83544303797467,
                    543.506329113924,
                    83.54430379746834,
                    545.4050632911392,
                    77.84810126582278,
                    545.4050632911392,
                    0.0,
                    770.0886075949367,
                    1.2658227848101264,
                    778.9493670886076,
                    75.31645569620252,
                    799.0,
                    70.0,
                    799.0,
                    409.0,
                    716.9240506329113,
                    417.0886075949367,
                    677.0506329113924,
                    550.632911392405,
                    399.2025316455696,
                    540.506329113924,
                    412.4936708860759,
                    515.1898734177215,
                    428.9493670886076,
                    511.3924050632911,
                    449.83544303797464,
                    471.5189873417721,
                    470.08860759493666,
                    467.72151898734177,
                    489.0759493670886,
                    427.8481012658228
                ]
            ],
            "iscrowd": 0,
            "area": 234586.84537734324,
            "image_id": 35,
            "bbox": [
                128.0,
                0.0,
                671.0,
                550.0
            ],
            "category_id": 11,
            "id": 36
        },
        {
            "segmentation": [
                [
                    218.82278481012656,
                    462.02531645569616,
                    242.24050632911388,
                    247.46835443037975,
                    258.0632911392405,
                    224.68354430379745,
                    312.4936708860759,
                    188.60759493670886,
                    394.1392405063291,
                    164.55696202531644,
                    479.5822784810126,
                    52.53164556962025,
                    748.5696202531645,
                    243.0379746835443,
                    767.5569620253165,
                    453.1645569620253,
                    517.5569620253165,
                    479.1139240506329
                ]
            ],
            "iscrowd": 0,
            "area": 163766.22336164064,
            "image_id": 36,
            "bbox": [
                218.0,
                52.0,
                549.0,
                427.0
            ],
            "category_id": 12,
            "id": 37
        },
        {
            "segmentation": [
                [
                    96.67088607594937,
                    442.40506329113924,
                    116.92405063291139,
                    265.1898734177215,
                    158.0632911392405,
                    279.1139240506329,
                    165.0253164556962,
                    208.2278481012658,
                    185.91139240506328,
                    181.0126582278481,
                    222.62025316455697,
                    156.32911392405063,
                    275.7848101265823,
                    134.81012658227849,
                    297.9367088607595,
                    129.74683544303798,
                    358.0632911392405,
                    3.7974683544303796,
                    534.0126582278481,
                    111.39240506329114,
                    557.4303797468355,
                    97.46835443037975,
                    565.6582278481012,
                    102.53164556962025,
                    560.5949367088607,
                    126.58227848101265,
                    673.8860759493671,
                    195.56962025316454,
                    683.379746835443,
                    391.77215189873414,
                    551.1012658227847,
                    431.0126582278481,
                    400.46835443037975,
                    448.73417721518985,
                    304.2658227848101,
                    455.0632911392405,
                    283.37974683544303,
                    466.4556962025316,
                    247.9367088607595,
                    463.92405063291136,
                    220.72151898734177,
                    463.92405063291136,
                    192.24050632911388,
                    446.83544303797464,
                    162.49367088607596,
                    449.3670886075949,
                    137.81012658227846,
                    446.83544303797464,
                    123.88607594936707,
                    441.77215189873414
                ]
            ],
            "iscrowd": 0,
            "area": 179609.2373017146,
            "image_id": 37,
            "bbox": [
                96.0,
                3.0,
                587.0,
                463.0
            ],
            "category_id": 12,
            "id": 38
        },
        {
            "segmentation": [
                [
                    142.873417721519,
                    499.3670886075949,
                    181.48101265822783,
                    271.5189873417721,
                    209.9620253164557,
                    236.70886075949366,
                    248.56962025316454,
                    211.39240506329114,
                    269.4556962025316,
                    200.0,
                    320.72151898734177,
                    182.27848101265823,
                    372.6202531645569,
                    171.51898734177215,
                    484.0126582278481,
                    32.278481012658226,
                    740.9746835443037,
                    302.53164556962025,
                    758.6962025316456,
                    519.620253164557,
                    555.5316455696202,
                    574.6835443037975,
                    537.8101265822785,
                    569.620253164557,
                    513.126582278481,
                    580.379746835443,
                    501.7341772151899,
                    577.8481012658227,
                    461.8607594936709,
                    592.4050632911392,
                    366.92405063291136,
                    588.6075949367088,
                    294.77215189873414,
                    568.9873417721519,
                    247.3037974683544,
                    555.6962025316456,
                    210.59493670886076,
                    547.4683544303797,
                    184.64556962025313,
                    548.7341772151899,
                    171.98734177215186,
                    550.0,
                    127.68354430379745,
                    545.5696202531645,
                    120.08860759493669,
                    538.6075949367089,
                    121.9873417721519,
                    510.126582278481
                ]
            ],
            "iscrowd": 0,
            "area": 232514.62105431804,
            "image_id": 38,
            "bbox": [
                120.0,
                32.0,
                638.0,
                560.0
            ],
            "category_id": 12,
            "id": 39
        },
        {
            "segmentation": [
                [
                    0.46835443037974755,
                    0.6329113924050632,
                    236.54430379746833,
                    0.0,
                    243.50632911392404,
                    65.82278481012658,
                    602.367088607595,
                    92.40506329113924,
                    604.8987341772151,
                    115.82278481012658,
                    637.1772151898734,
                    116.45569620253164,
                    638.4430379746835,
                    129.1139240506329,
                    678.9493670886076,
                    131.64556962025316,
                    666.9240506329113,
                    143.67088607594937,
                    678.3164556962025,
                    145.56962025316454,
                    663.126582278481,
                    163.2911392405063,
                    681.4810126582278,
                    167.0886075949367,
                    662.493670886076,
                    184.1772151898734,
                    682.746835443038,
                    184.1772151898734,
                    663.126582278481,
                    203.79746835443038,
                    680.8481012658227,
                    203.1645569620253,
                    659.9620253164557,
                    222.78481012658227,
                    687.8101265822785,
                    224.68354430379745,
                    662.493670886076,
                    238.60759493670886,
                    687.1772151898734,
                    242.40506329113924,
                    664.3924050632911,
                    261.3924050632911,
                    688.4430379746835,
                    263.2911392405063,
                    664.3924050632911,
                    279.746835443038,
                    692.2405063291139,
                    281.0126582278481,
                    661.8607594936708,
                    298.1012658227848,
                    692.2405063291139,
                    299.36708860759495,
                    656.1645569620252,
                    321.5189873417721,
                    696.0379746835442,
                    322.7848101265823,
                    658.0632911392405,
                    339.873417721519,
                    697.9367088607595,
                    342.40506329113924,
                    658.0632911392405,
                    357.59493670886076,
                    658.0632911392405,
                    362.65822784810126,
                    701.7341772151898,
                    363.2911392405063,
                    661.2278481012657,
                    379.1139240506329,
                    661.8607594936708,
                    384.8101265822785,
                    701.7341772151898,
                    383.54430379746833,
                    661.2278481012657,
                    396.2025316455696,
                    671.9873417721518,
                    518.3544303797468,
                    244.1392405063291,
                    531.6455696202531,
                    232.11392405063287,
                    551.8987341772151,
                    141.60759493670886,
                    549.367088607595,
                    0.0,
                    553.0
                ]
            ],
            "iscrowd": 0,
            "area": 321680.9405543981,
            "image_id": 39,
            "bbox": [
                0.0,
                0.0,
                701.0,
                553.0
            ],
            "category_id": 13,
            "id": 40
        },
        {
            "segmentation": [
                [
                    1.7341772151898738,
                    0.6329113924050632,
                    287.8101265822785,
                    0.6329113924050632,
                    524.5189873417721,
                    58.860759493670884,
                    523.253164556962,
                    79.74683544303797,
                    611.2278481012657,
                    106.32911392405063,
                    642.873417721519,
                    541.7721518987341,
                    572.620253164557,
                    549.367088607595,
                    270.0886075949367,
                    593.6708860759493,
                    249.83544303797464,
                    597.4683544303797,
                    0.0,
                    598.0
                ]
            ],
            "iscrowd": 0,
            "area": 346534.4295785932,
            "image_id": 40,
            "bbox": [
                0.0,
                0.0,
                642.0,
                598.0
            ],
            "category_id": 13,
            "id": 41
        },
        {
            "segmentation": [
                [
                    1.7341772151898738,
                    1.2658227848101264,
                    265.65822784810126,
                    1.2658227848101264,
                    284.0126582278481,
                    50.0,
                    658.0632911392405,
                    52.53164556962025,
                    656.7974683544303,
                    79.1139240506329,
                    695.4050632911392,
                    81.64556962025316,
                    696.6708860759493,
                    93.0379746835443,
                    731.4810126582278,
                    94.9367088607595,
                    749.8354430379746,
                    494.9367088607595,
                    189.70886075949363,
                    510.75949367088606,
                    0.0,
                    523.0
                ]
            ],
            "iscrowd": 0,
            "area": 347464.48485819576,
            "image_id": 41,
            "bbox": [
                0.0,
                1.0,
                749.0,
                522.0
            ],
            "category_id": 13,
            "id": 42
        },
        {
            "segmentation": [
                [
                    113.12658227848101,
                    366.4556962025316,
                    594.7721518987341,
                    110.12658227848101,
                    797.3037974683544,
                    199.36708860759492,
                    797.9367088607595,
                    485.44303797468353,
                    647.3037974683544,
                    510.126582278481,
                    73.88607594936707,
                    516.4556962025316,
                    68.18987341772151,
                    461.3924050632911,
                    113.12658227848101,
                    458.86075949367086
                ]
            ],
            "iscrowd": 0,
            "area": 205091.73209421575,
            "image_id": 42,
            "bbox": [
                68.0,
                110.0,
                729.0,
                406.0
            ],
            "category_id": 14,
            "id": 43
        },
        {
            "segmentation": [
                [
                    0.46835443037974755,
                    181.0126582278481,
                    349.83544303797464,
                    55.063291139240505,
                    568.8227848101266,
                    241.13924050632912,
                    797.9367088607595,
                    193.0379746835443,
                    796.6708860759493,
                    491.1392405063291,
                    584.0126582278481,
                    500.0,
                    500.4683544303797,
                    482.27848101265823,
                    513.126582278481,
                    451.89873417721515,
                    415.6582278481012,
                    474.05063291139237,
                    276.4177215189873,
                    496.83544303797464,
                    216.2911392405063,
                    496.2025316455696,
                    202.36708860759495,
                    424.05063291139237,
                    1.1012658227848107,
                    446.2025316455696
                ]
            ],
            "iscrowd": 0,
            "area": 254284.56978048373,
            "image_id": 43,
            "bbox": [
                0.0,
                55.0,
                797.0,
                445.0
            ],
            "category_id": 14,
            "id": 44
        },
        {
            "segmentation": [
                [
                    76.41772151898732,
                    336.0759493670886,
                    521.3544303797468,
                    147.46835443037975,
                    604.8987341772151,
                    213.2911392405063,
                    678.9493670886076,
                    278.4810126582278,
                    799.0,
                    257.0,
                    799.0,
                    442.0,
                    540.9746835443037,
                    455.69620253164555,
                    491.6075949367088,
                    458.2278481012658,
                    483.37974683544303,
                    416.4556962025316,
                    309.96202531645565,
                    427.2151898734177,
                    305.53164556962025,
                    451.2658227848101,
                    282.1139240506329,
                    453.79746835443035,
                    282.1139240506329,
                    393.67088607594934,
                    198.56962025316454,
                    399.3670886075949,
                    193.50632911392404,
                    452.53164556962025,
                    27.0506329113924,
                    452.53164556962025,
                    30.848101265822777,
                    399.3670886075949,
                    69.45569620253164,
                    398.73417721518985
                ]
            ],
            "iscrowd": 0,
            "area": 145703.2815253965,
            "image_id": 44,
            "bbox": [
                27.0,
                147.0,
                772.0,
                311.0
            ],
            "category_id": 14,
            "id": 45
        },
        {
            "segmentation": [
                [
                    66.92405063291139,
                    596.2025316455696,
                    151.73417721518987,
                    93.0379746835443,
                    347.9367088607595,
                    129.1139240506329,
                    358.69620253164555,
                    36.70886075949367,
                    464.3924050632911,
                    0.6329113924050632,
                    489.0759493670886,
                    1.2658227848101264,
                    540.3417721518987,
                    84.81012658227847,
                    521.3544303797468,
                    119.62025316455696,
                    530.8481012658227,
                    131.64556962025316,
                    528.9493670886076,
                    141.77215189873417,
                    521.9873417721519,
                    156.32911392405063,
                    605.5316455696202,
                    568.9873417721519,
                    549.8354430379746,
                    565.8227848101266,
                    425.7848101265822,
                    564.5569620253165,
                    249.83544303797464,
                    575.3164556962025,
                    232.74683544303798,
                    584.8101265822785
                ]
            ],
            "iscrowd": 0,
            "area": 225457.65902900184,
            "image_id": 45,
            "bbox": [
                66.0,
                0.0,
                539.0,
                596.0
            ],
            "category_id": 15,
            "id": 46
        },
        {
            "segmentation": [
                [
                    65.02531645569618,
                    593.0379746835442,
                    149.83544303797467,
                    89.24050632911393,
                    346.0379746835443,
                    122.78481012658227,
                    358.69620253164555,
                    36.075949367088604,
                    453.0,
                    0.0,
                    490.97468354430373,
                    0.6329113924050632,
                    540.9746835443037,
                    79.74683544303797,
                    519.4556962025316,
                    115.18987341772151,
                    534.0126582278481,
                    135.44303797468353,
                    521.3544303797468,
                    149.36708860759492,
                    609.3291139240506,
                    567.7215189873417,
                    406.1645569620253,
                    561.3924050632911,
                    242.873417721519,
                    570.8860759493671,
                    226.41772151898732,
                    585.4430379746835
                ]
            ],
            "iscrowd": 0,
            "area": 227829.47444319818,
            "image_id": 46,
            "bbox": [
                65.0,
                0.0,
                544.0,
                593.0
            ],
            "category_id": 15,
            "id": 47
        },
        {
            "segmentation": [
                [
                    156.79746835443038,
                    567.0886075949367,
                    206.79746835443035,
                    132.27848101265823,
                    377.05063291139237,
                    144.9367088607595,
                    387.8101265822785,
                    64.55696202531645,
                    509.96202531645565,
                    12.658227848101266,
                    565.6582278481012,
                    88.60759493670885,
                    547.9367088607595,
                    127.21518987341771,
                    559.9620253164557,
                    142.40506329113924,
                    551.1012658227847,
                    161.39240506329114,
                    624.5189873417721,
                    556.9620253164557,
                    444.77215189873414,
                    548.7341772151899,
                    299.83544303797464,
                    556.3291139240506
                ]
            ],
            "iscrowd": 0,
            "area": 185322.06377183145,
            "image_id": 47,
            "bbox": [
                156.0,
                12.0,
                468.0,
                555.0
            ],
            "category_id": 15,
            "id": 48
        },
        {
            "segmentation": [
                [
                    132.74683544303795,
                    371.5189873417721,
                    136.54430379746833,
                    368.98734177215186,
                    137.81012658227846,
                    359.49367088607596,
                    144.77215189873417,
                    357.59493670886076,
                    146.0379746835443,
                    332.27848101265823,
                    208.0632911392405,
                    316.4556962025316,
                    266.2911392405063,
                    288.60759493670884,
                    275.7848101265823,
                    280.37974683544303,
                    292.2405063291139,
                    244.30379746835442,
                    324.5189873417721,
                    166.45569620253164,
                    344.77215189873414,
                    94.30379746835443,
                    347.3037974683544,
                    74.0506329113924,
                    353.63291139240505,
                    74.0506329113924,
                    355.53164556962025,
                    64.55696202531645,
                    361.86075949367086,
                    63.291139240506325,
                    365.65822784810126,
                    84.81012658227847,
                    375.15189873417717,
                    94.9367088607595,
                    434.6455696202531,
                    122.15189873417721,
                    443.50632911392404,
                    112.65822784810126,
                    443.50632911392404,
                    106.9620253164557,
                    448.56962025316454,
                    99.36708860759494,
                    449.2025316455696,
                    63.92405063291139,
                    456.7974683544304,
                    53.79746835443038,
                    459.3291139240506,
                    47.46835443037975,
                    461.8607594936709,
                    51.89873417721519,
                    465.6582278481012,
                    55.69620253164557,
                    472.62025316455697,
                    59.49367088607595,
                    476.41772151898726,
                    101.26582278481013,
                    478.3164556962025,
                    106.9620253164557,
                    536.5443037974683,
                    158.86075949367088,
                    639.7088607594936,
                    182.91139240506328,
                    640.9746835443037,
                    163.9240506329114,
                    647.3037974683544,
                    167.0886075949367,
                    663.126582278481,
                    193.0379746835443,
                    685.9113924050632,
                    210.126582278481,
                    742.2405063291139,
                    228.48101265822783,
                    744.1392405063291,
                    218.9873417721519,
                    753.632911392405,
                    222.78481012658227,
                    755.5316455696202,
                    232.91139240506328,
                    762.493670886076,
                    232.91139240506328,
                    797.3037974683544,
                    243.67088607594937,
                    796.0379746835442,
                    533.5443037974683,
                    793.506329113924,
                    566.4556962025316,
                    688.4430379746835,
                    596.8354430379746,
                    420.7215189873417,
                    597.4683544303797,
                    240.34177215189874,
                    597.4683544303797,
                    235.27848101265823,
                    542.4050632911392,
                    263.75949367088606,
                    533.5443037974683,
                    256.1645569620253,
                    400.0,
                    183.37974683544303,
                    388.60759493670884,
                    159.9620253164557,
                    379.1139240506329,
                    138.44303797468353,
                    379.1139240506329
                ]
            ],
            "iscrowd": 0,
            "area": 239370.89408748597,
            "image_id": 48,
            "bbox": [
                132.0,
                47.0,
                665.0,
                550.0
            ],
            "category_id": 16,
            "id": 49
        },
        {
            "segmentation": [
                [
                    89.70886075949366,
                    365.1898734177215,
                    96.03797468354429,
                    355.69620253164555,
                    102.36708860759492,
                    347.46835443037975,
                    100.46835443037975,
                    324.6835443037975,
                    146.67088607594937,
                    318.98734177215186,
                    194.77215189873414,
                    301.2658227848101,
                    240.34177215189874,
                    278.4810126582278,
                    256.1645569620253,
                    243.0379746835443,
                    294.77215189873414,
                    151.26582278481013,
                    318.1898734177215,
                    68.9873417721519,
                    325.7848101265823,
                    58.860759493670884,
                    333.37974683544303,
                    66.45569620253164,
                    334.0126582278481,
                    85.44303797468353,
                    405.53164556962025,
                    121.51898734177215,
                    415.02531645569616,
                    109.49367088607595,
                    417.55696202531647,
                    98.10126582278481,
                    417.55696202531647,
                    66.45569620253164,
                    427.0506329113924,
                    48.734177215189874,
                    442.24050632911394,
                    63.291139240506325,
                    443.50632911392404,
                    103.16455696202532,
                    507.43037974683546,
                    165.82278481012656,
                    578.3164556962025,
                    185.44303797468353,
                    603.632911392405,
                    186.0759493670886,
                    603.0,
                    169.62025316455694,
                    612.493670886076,
                    175.31645569620252,
                    622.620253164557,
                    200.63291139240505,
                    660.5949367088607,
                    218.35443037974682,
                    697.3037974683544,
                    236.70886075949366,
                    725.1518987341772,
                    243.0379746835443,
                    797.3037974683544,
                    258.86075949367086,
                    797.9367088607595,
                    555.0632911392405,
                    603.632911392405,
                    598.7341772151899,
                    380.2151898734177,
                    596.8354430379746,
                    223.25316455696202,
                    598.1012658227847,
                    221.35443037974682,
                    399.3670886075949
                ]
            ],
            "iscrowd": 0,
            "area": 247717.11264220485,
            "image_id": 49,
            "bbox": [
                89.0,
                48.0,
                708.0,
                550.0
            ],
            "category_id": 16,
            "id": 50
        },
        {
            "segmentation": [
                [
                    1.7341772151898738,
                    263.2911392405063,
                    112.49367088607593,
                    231.64556962025316,
                    170.72151898734177,
                    114.55696202531645,
                    202.36708860759495,
                    17.72151898734177,
                    216.2911392405063,
                    10.126582278481012,
                    222.62025316455697,
                    19.62025316455696,
                    220.72151898734177,
                    34.81012658227848,
                    297.9367088607595,
                    81.01265822784809,
                    309.3291139240506,
                    67.0886075949367,
                    308.69620253164555,
                    27.848101265822784,
                    320.72151898734177,
                    7.594936708860759,
                    334.0126582278481,
                    22.151898734177212,
                    338.44303797468353,
                    70.25316455696202,
                    393.50632911392404,
                    132.27848101265823,
                    456.16455696202524,
                    161.39240506329114,
                    492.873417721519,
                    164.55696202531644,
                    494.1392405063291,
                    151.89873417721518,
                    501.10126582278474,
                    163.2911392405063,
                    513.7594936708861,
                    189.873417721519,
                    546.0379746835442,
                    207.59493670886076,
                    569.4556962025316,
                    215.82278481012656,
                    659.9620253164557,
                    243.0379746835443,
                    696.0379746835442,
                    244.9367088607595,
                    730.8481012658227,
                    245.56962025316454,
                    749.8354430379746,
                    275.9493670886076,
                    750.4683544303797,
                    282.27848101265823,
                    725.7848101265822,
                    290.50632911392404,
                    709.3291139240506,
                    303.79746835443035,
                    689.7088607594936,
                    313.92405063291136,
                    654.8987341772151,
                    331.6455696202531,
                    645.4050632911392,
                    360.126582278481,
                    649.8354430379746,
                    387.34177215189874,
                    654.8987341772151,
                    456.3291139240506,
                    708.0632911392405,
                    462.65822784810126,
                    705.5316455696202,
                    500.0,
                    335.27848101265823,
                    595.5696202531645,
                    260.59493670886076,
                    582.2784810126582,
                    92.87341772151899,
                    567.0886075949367,
                    78.31645569620252,
                    502.53164556962025,
                    82.74683544303798,
                    490.50632911392404,
                    93.50632911392404,
                    361.3924050632911,
                    0.0,
                    331.0
                ]
            ],
            "iscrowd": 0,
            "area": 256969.1956417244,
            "image_id": 50,
            "bbox": [
                0.0,
                7.0,
                750.0,
                588.0
            ],
            "category_id": 16,
            "id": 51
        },
        {
            "segmentation": [
                [
                    2.367088607594937,
                    308.2278481012658,
                    25.15189873417721,
                    232.2784810126582,
                    31.481012658227854,
                    235.44303797468353,
                    40.34177215189874,
                    216.45569620253164,
                    184.64556962025313,
                    245.56962025316454,
                    187.17721518987338,
                    225.94936708860757,
                    237.17721518987338,
                    174.0506329113924,
                    323.253164556962,
                    193.67088607594937,
                    322.62025316455697,
                    232.2784810126582,
                    335.27848101265823,
                    196.20253164556962,
                    378.3164556962025,
                    200.63291139240505,
                    377.6835443037974,
                    178.48101265822785,
                    414.3924050632911,
                    106.9620253164557,
                    413.126582278481,
                    83.54430379746834,
                    432.11392405063293,
                    43.0379746835443,
                    499.83544303797464,
                    50.63291139240506,
                    504.2658227848101,
                    125.94936708860759,
                    571.3544303797468,
                    131.0126582278481,
                    574.5189873417721,
                    176.58227848101265,
                    585.2784810126582,
                    175.94936708860757,
                    643.506329113924,
                    128.48101265822785,
                    797.3037974683544,
                    139.873417721519,
                    798.5696202531645,
                    535.4430379746835,
                    238.44303797468353,
                    522.7848101265822,
                    0.0,
                    477.0,
                    0.0,
                    306.0
                ]
            ],
            "iscrowd": 0,
            "area": 283631.53204614646,
            "image_id": 51,
            "bbox": [
                0.0,
                43.0,
                798.0,
                492.0
            ],
            "category_id": 17,
            "id": 52
        },
        {
            "segmentation": [
                [
                    3.0,
                    381.6455696202531,
                    50.46835443037975,
                    175.94936708860757,
                    66.92405063291139,
                    179.1139240506329,
                    73.25316455696202,
                    170.25316455696202,
                    77.68354430379745,
                    168.9873417721519,
                    81.48101265822785,
                    152.53164556962025,
                    254.89873417721515,
                    224.68354430379745,
                    313.75949367088606,
                    164.55696202531644,
                    384.0126582278481,
                    207.59493670886076,
                    384.0126582278481,
                    241.77215189873417,
                    426.41772151898726,
                    187.9746835443038,
                    446.6708860759494,
                    190.50632911392404,
                    516.9240506329114,
                    103.79746835443038,
                    523.253164556962,
                    98.73417721518987,
                    520.7215189873417,
                    72.78481012658227,
                    570.0886075949367,
                    8.860759493670885,
                    620.7215189873417,
                    43.67088607594936,
                    654.8987341772151,
                    196.83544303797467,
                    744.1392405063291,
                    140.50632911392404,
                    799.0,
                    175.0,
                    793.506329113924,
                    541.7721518987341,
                    552.367088607595,
                    513.2911392405063,
                    469.4556962025316,
                    531.6455696202531,
                    435.9113924050632,
                    515.8227848101266,
                    228.31645569620252,
                    518.3544303797468,
                    3.0,
                    512.0253164556962
                ]
            ],
            "iscrowd": 0,
            "area": 282763.2030123377,
            "image_id": 52,
            "bbox": [
                3.0,
                8.0,
                796.0,
                533.0
            ],
            "category_id": 17,
            "id": 53
        },
        {
            "segmentation": [
                [
                    1.1012658227848107,
                    115.82278481012658,
                    118.82278481012656,
                    175.94936708860757,
                    206.1645569620253,
                    119.62025316455696,
                    282.746835443038,
                    177.2151898734177,
                    284.0126582278481,
                    215.18987341772151,
                    328.3164556962025,
                    164.55696202531644,
                    349.2025316455696,
                    170.88607594936707,
                    421.9873417721519,
                    97.46835443037975,
                    426.41772151898726,
                    95.56962025316456,
                    425.15189873417717,
                    67.0886075949367,
                    471.35443037974676,
                    17.088607594936708,
                    512.493670886076,
                    57.59493670886076,
                    532.1139240506329,
                    203.1645569620253,
                    597.9367088607595,
                    167.72151898734177,
                    647.9367088607595,
                    211.39240506329114,
                    653.632911392405,
                    233.54430379746833,
                    676.4177215189873,
                    244.30379746835442,
                    737.8101265822785,
                    298.73417721518985,
                    747.3037974683544,
                    329.1139240506329,
                    759.3291139240506,
                    474.6835443037974,
                    624.5189873417721,
                    495.56962025316454,
                    531.4810126582278,
                    474.05063291139237,
                    430.8481012658227,
                    479.1139240506329,
                    361.2278481012658,
                    508.86075949367086,
                    73.25316455696202,
                    512.0253164556962,
                    1.1012658227848107,
                    520.253164556962
                ]
            ],
            "iscrowd": 0,
            "area": 254473.4417561288,
            "image_id": 53,
            "bbox": [
                1.0,
                17.0,
                758.0,
                503.0
            ],
            "category_id": 17,
            "id": 54
        }
    ]
}