{
    "images": [
        {
            "height": 404,
            "width": 720,
            "id": 0,
            "file_name": "beobhakgwan_1.jpg"
        },
        {
            "height": 1080,
            "width": 1920,
            "id": 1,
            "file_name": "beobhakgwan_2.jpg"
        },
        {
            "height": 404,
            "width": 720,
            "id": 2,
            "file_name": "beobhakgwan_3.jpg"
        },
        {
            "height": 1080,
            "width": 1920,
            "id": 3,
            "file_name": "bongwan_1.jpg"
        },
        {
            "height": 1080,
            "width": 1920,
            "id": 4,
            "file_name": "bongwan_2.jpg"
        },
        {
            "height": 404,
            "width": 720,
            "id": 5,
            "file_name": "bongwan_3.jpg"
        },
        {
            "height": 1080,
            "width": 1920,
            "id": 6,
            "file_name": "chaeyook_1.jpg"
        },
        {
            "height": 404,
            "width": 720,
            "id": 7,
            "file_name": "chaeyook_2.jpg"
        },
        {
            "height": 404,
            "width": 720,
            "id": 8,
            "file_name": "chaeyook_3.jpg"
        },
        {
            "height": 404,
            "width": 720,
            "id": 9,
            "file_name": "chungangdoseogwan_1.jpg"
        },
        {
            "height": 404,
            "width": 720,
            "id": 10,
            "file_name": "chungangdoseogwan_2.jpg"
        },
        {
            "height": 404,
            "width": 720,
            "id": 11,
            "file_name": "chungangdoseogwan_3.jpg"
        },
        {
            "height": 1080,
            "width": 1920,
            "id": 12,
            "file_name": "dahyang_1.jpg"
        },
        {
            "height": 404,
            "width": 720,
            "id": 13,
            "file_name": "dahyang_2.jpg"
        },
        {
            "height": 404,
            "width": 720,
            "id": 14,
            "file_name": "dahyang_3.jpg"
        },
        {
            "height": 1080,
            "width": 1920,
            "id": 15,
            "file_name": "gwahak_1.jpg"
        },
        {
            "height": 1080,
            "width": 1920,
            "id": 16,
            "file_name": "gwahak_2.jpg"
        },
        {
            "height": 404,
            "width": 720,
            "id": 17,
            "file_name": "gwahak_3.jpg"
        },
        {
            "height": 1080,
            "width": 1920,
            "id": 18,
            "file_name": "gyesan_1.jpg"
        },
        {
            "height": 1080,
            "width": 1920,
            "id": 19,
            "file_name": "gyesan_2.jpg"
        },
        {
            "height": 404,
            "width": 720,
            "id": 20,
            "file_name": "gyesan_3.jpg"
        },
        {
            "height": 1080,
            "width": 1920,
            "id": 21,
            "file_name": "haklim_1.jpg"
        },
        {
            "height": 1080,
            "width": 1920,
            "id": 22,
            "file_name": "haklim_2.jpg"
        },
        {
            "height": 1080,
            "width": 1920,
            "id": 23,
            "file_name": "haklim_3.jpg"
        },
        {
            "height": 404,
            "width": 720,
            "id": 24,
            "file_name": "haksulmunhwagwan_1.jpg"
        },
        {
            "height": 1080,
            "width": 1920,
            "id": 25,
            "file_name": "haksulmunhwagwan_2.jpg"
        },
        {
            "height": 1080,
            "width": 1920,
            "id": 26,
            "file_name": "haksulmunhwagwan_3.jpg"
        },
        {
            "height": 404,
            "width": 720,
            "id": 27,
            "file_name": "hyehwagwan_1.jpg"
        },
        {
            "height": 1080,
            "width": 1920,
            "id": 28,
            "file_name": "hyehwagwan_2.jpg"
        },
        {
            "height": 1080,
            "width": 1920,
            "id": 29,
            "file_name": "hyehwagwan_3.jpg"
        },
        {
            "height": 1080,
            "width": 1920,
            "id": 30,
            "file_name": "jeongbomunhwagwan_1.jpg"
        },
        {
            "height": 1080,
            "width": 1920,
            "id": 31,
            "file_name": "jeongbomunhwagwan_2.jpg"
        },
        {
            "height": 1080,
            "width": 1920,
            "id": 32,
            "file_name": "jeongbomunhwagwan_3.jpg"
        },
        {
            "height": 404,
            "width": 720,
            "id": 33,
            "file_name": "myungjingwan_1.jpg"
        },
        {
            "height": 1080,
            "width": 1920,
            "id": 34,
            "file_name": "myungjingwan_2.jpg"
        },
        {
            "height": 404,
            "width": 720,
            "id": 35,
            "file_name": "myungjingwan_3.jpg"
        },
        {
            "height": 404,
            "width": 720,
            "id": 36,
            "file_name": "sangrokwon_1.jpg"
        },
        {
            "height": 404,
            "width": 720,
            "id": 37,
            "file_name": "sangrokwon_2.jpg"
        },
        {
            "height": 1080,
            "width": 1920,
            "id": 38,
            "file_name": "sangrokwon_3.jpg"
        },
        {
            "height": 1080,
            "width": 1920,
            "id": 39,
            "file_name": "singonghakgwan_1.jpg"
        },
        {
            "height": 1080,
            "width": 1920,
            "id": 40,
            "file_name": "singonghakgwan_2.jpg"
        },
        {
            "height": 404,
            "width": 720,
            "id": 41,
            "file_name": "singonghakgwan_3.jpg"
        },
        {
            "height": 1080,
            "width": 1920,
            "id": 42,
            "file_name": "societyscience_1.jpg"
        },
        {
            "height": 1080,
            "width": 1920,
            "id": 43,
            "file_name": "societyscience_2.jpg"
        },
        {
            "height": 1080,
            "width": 1920,
            "id": 44,
            "file_name": "societyscience_3.jpg"
        },
        {
            "height": 404,
            "width": 720,
            "id": 45,
            "file_name": "studentcouncil_1.jpg"
        },
        {
            "height": 404,
            "width": 720,
            "id": 46,
            "file_name": "studentcouncil_2.jpg"
        },
        {
            "height": 404,
            "width": 720,
            "id": 47,
            "file_name": "studentcouncil_3.jpg"
        },
        {
            "height": 404,
            "width": 720,
            "id": 48,
            "file_name": "temple_1.jpg"
        },
        {
            "height": 404,
            "width": 720,
            "id": 49,
            "file_name": "temple_2.jpg"
        },
        {
            "height": 404,
            "width": 720,
            "id": 50,
            "file_name": "temple_3.jpg"
        },
        {
            "height": 2268,
            "width": 4032,
            "id": 51,
            "file_name": "wonheunggwan_1.jpeg"
        },
        {
            "height": 404,
            "width": 720,
            "id": 52,
            "file_name": "wonheunggwan_2.jpg"
        },
        {
            "height": 404,
            "width": 720,
            "id": 53,
            "file_name": "wonheunggwan_3.jpg"
        }
    ],
    "categories": [
        {
            "supercategory": "beobhakgwan",
            "id": 0,
            "name": "beobhakgwan"
        },
        {
            "supercategory": "bongwan",
            "id": 1,
            "name": "bongwan"
        },
        {
            "supercategory": "chaeyookgwan",
            "id": 2,
            "name": "chaeyookgwan"
        },
        {
            "supercategory": "chungangdoseogwan",
            "id": 3,
            "name": "chungangdoseogwan"
        },
        {
            "supercategory": "dahyanggwan",
            "id": 4,
            "name": "dahyanggwan"
        },
        {
            "supercategory": "gwahakgwan",
            "id": 5,
            "name": "gwahakgwan"
        },
        {
            "supercategory": "gyesangwan",
            "id": 6,
            "name": "gyesangwan"
        },
        {
            "supercategory": "haklimgwan",
            "id": 7,
            "name": "haklimgwan"
        },
        {
            "supercategory": "haksulmunhwagwan",
            "id": 8,
            "name": "haksulmunhwagwan"
        },
        {
            "supercategory": "hyehwagwan",
            "id": 9,
            "name": "hyehwagwan"
        },
        {
            "supercategory": "jeongbomunhwagwan",
            "id": 10,
            "name": "jeongbomunhwagwan"
        },
        {
            "supercategory": "myungjingwan",
            "id": 11,
            "name": "myungjingwan"
        },
        {
            "supercategory": "sangrokwon",
            "id": 12,
            "name": "sangrokwon"
        },
        {
            "supercategory": "singonghakgwan",
            "id": 13,
            "name": "singonghakgwan"
        },
        {
            "supercategory": "societyscience",
            "id": 14,
            "name": "societyscience"
        },
        {
            "supercategory": "studentcouncil",
            "id": 15,
            "name": "studentcouncil"
        },
        {
            "supercategory": "temple",
            "id": 16,
            "name": "temple"
        },
        {
            "supercategory": "wonheunggwan",
            "id": 17,
            "name": "wonheunggwan"
        }
    ],
    "annotations": [
        {
            "segmentation": [
                [
                    29.223744292237445,
                    146.27397260273972,
                    277.6255707762557,
                    1.525114155251142,
                    718.7214611872147,
                    1.0684931506849313,
                    719.634703196347,
                    380.52054794520546,
                    392.69406392694066,
                    339.4246575342466,
                    320.0913242009133,
                    354.4931506849315,
                    2.2831050228310503,
                    317.5068493150685,
                    2.2831050228310503,
                    207.46118721461187,
                    6.392694063926941,
                    190.1095890410959,
                    16.438356164383563,
                    189.19634703196348
                ]
            ],
            "iscrowd": 0,
            "area": 225693.6886220054,
            "image_id": 0,
            "bbox": [
                2.0,
                1.0,
                717.0,
                379.0
            ],
            "category_id": 0,
            "id": 1
        },
        {
            "segmentation": [
                [
                    402.6585365853658,
                    397.36585365853654,
                    396.56097560975604,
                    794.9268292682926,
                    1056.3170731707316,
                    703.4634146341463,
                    1919.0,
                    686.0,
                    1918.512195121951,
                    4.68292682926829,
                    1653.8780487804877,
                    31.51219512195121,
                    1472.170731707317,
                    288.8292682926829
                ]
            ],
            "iscrowd": 0,
            "area": 688975.2825698988,
            "image_id": 1,
            "bbox": [
                396.0,
                4.0,
                1523.0,
                790.0
            ],
            "category_id": 0,
            "id": 2
        },
        {
            "segmentation": [
                [
                    0.4566210045662101,
                    5.634703196347033,
                    410.04566210045664,
                    25.726027397260275,
                    412.32876712328766,
                    112.02739726027397,
                    717.351598173516,
                    111.11415525114155,
                    718.7214611872147,
                    317.9634703196347,
                    0.4566210045662101,
                    378.69406392694066
                ]
            ],
            "iscrowd": 0,
            "area": 209287.02487437715,
            "image_id": 2,
            "bbox": [
                0.0,
                5.0,
                718.0,
                373.0
            ],
            "category_id": 0,
            "id": 3
        },
        {
            "segmentation": [
                [
                    1.0606060606060606,
                    5.454545454545439,
                    2.5757575757575752,
                    988.7878787878788,
                    1769.2424242424242,
                    929.6969696969697,
                    1735.9090909090908,
                    569.090909090909,
                    1579.8484848484848,
                    550.9090909090909,
                    1548.030303030303,
                    140.3030303030303,
                    1052.5757575757575,
                    66.06060606060606,
                    1054.090909090909,
                    28.181818181818187,
                    946.5151515151515,
                    26.666666666666657,
                    941.9696969696969,
                    46.363636363636346,
                    664.6969696969696,
                    2.424242424242408
                ]
            ],
            "iscrowd": 0,
            "area": 1508499.7704315884,
            "image_id": 3,
            "bbox": [
                1.0,
                2.0,
                1768.0,
                986.0
            ],
            "category_id": 1,
            "id": 4
        },
        {
            "segmentation": [
                [
                    602.5757575757575,
                    108.48484848484847,
                    593.4848484848485,
                    328.1818181818182,
                    96.51515151515152,
                    347.8787878787879,
                    8.636363636363635,
                    449.3939393939394,
                    4.09090909090909,
                    1031.2121212121212,
                    1917.7272727272727,
                    1064.5454545454545,
                    1917.7272727272727,
                    11.515151515151501
                ]
            ],
            "iscrowd": 0,
            "area": 1717977.502295684,
            "image_id": 4,
            "bbox": [
                4.0,
                11.0,
                1913.0,
                1053.0
            ],
            "category_id": 1,
            "id": 5
        },
        {
            "segmentation": [
                [
                    1.272727272727273,
                    0.9772727272727266,
                    2.409090909090909,
                    369.15909090909093,
                    692.1818181818181,
                    350.40909090909093,
                    688.7727272727273,
                    273.1363636363636,
                    656.9545454545455,
                    268.02272727272725,
                    654.1136363636364,
                    191.88636363636363,
                    535.9318181818181,
                    144.72727272727272,
                    559.7954545454545,
                    108.93181818181819,
                    559.2272727272727,
                    87.3409090909091,
                    388.0,
                    0.0
                ]
            ],
            "iscrowd": 0,
            "area": 213467.57489669416,
            "image_id": 5,
            "bbox": [
                1.0,
                0.0,
                691.0,
                369.0
            ],
            "category_id": 1,
            "id": 6
        },
        {
            "segmentation": [
                [
                    3.8780487804878048,
                    385.17073170731703,
                    488.0243902439024,
                    310.780487804878,
                    750.2195121951219,
                    179.0731707317073,
                    1103.8780487804877,
                    87.60975609756096,
                    1461.1951219512193,
                    54.68292682926828,
                    1731.9268292682925,
                    77.85365853658536,
                    1918.512195121951,
                    97.36585365853657,
                    1916.0731707317073,
                    1077.8536585365853,
                    6.317073170731707,
                    1079.0731707317073
                ]
            ],
            "iscrowd": 0,
            "area": 1723264.425936942,
            "image_id": 6,
            "bbox": [
                3.0,
                54.0,
                1915.0,
                1025.0
            ],
            "category_id": 2,
            "id": 7
        },
        {
            "segmentation": [
                [
                    0.9132420091324202,
                    70.01826484018265,
                    116.89497716894978,
                    70.93150684931507,
                    209.1324200913242,
                    41.70776255707763,
                    310.50228310502285,
                    33.48858447488585,
                    413.2420091324201,
                    43.077625570776256,
                    525.5707762557078,
                    76.41095890410959,
                    539.7260273972603,
                    84.63013698630137,
                    609.1324200913242,
                    90.10958904109589,
                    647.945205479452,
                    351.29680365296804,
                    1.8264840182648403,
                    336.6849315068493
                ]
            ],
            "iscrowd": 0,
            "area": 178850.62863576654,
            "image_id": 7,
            "bbox": [
                0.0,
                33.0,
                647.0,
                318.0
            ],
            "category_id": 2,
            "id": 8
        },
        {
            "segmentation": [
                [
                    2.2831050228310503,
                    1.0684931506849313,
                    96.80365296803653,
                    1.0684931506849313,
                    184.47488584474885,
                    7.004566210045663,
                    278.53881278538813,
                    28.922374429223744,
                    368.4931506849315,
                    63.625570776255714,
                    439.26940639269407,
                    108.8310502283105,
                    574.4292237442922,
                    148.10045662100458,
                    592.6940639269407,
                    209.74429223744292,
                    576.7123287671233,
                    214.31050228310502,
                    590.4109589041096,
                    263.6255707762557,
                    609.1324200913242,
                    259.5159817351598,
                    614.1552511415525,
                    283.26027397260276,
                    196.0,
                    403.0,
                    0.9132420091324202,
                    402.43835616438355
                ]
            ],
            "iscrowd": 0,
            "area": 182583.92548112012,
            "image_id": 8,
            "bbox": [
                0.0,
                1.0,
                614.0,
                402.0
            ],
            "category_id": 2,
            "id": 9
        },
        {
            "segmentation": [
                [
                    0.9132420091324202,
                    40.794520547945204,
                    627.8538812785388,
                    28.465753424657535,
                    664.3835616438356,
                    401.9817351598174,
                    1.8264840182648403,
                    396.95890410958907
                ]
            ],
            "iscrowd": 0,
            "area": 235298.68017764436,
            "image_id": 9,
            "bbox": [
                0.0,
                28.0,
                664.0,
                373.0
            ],
            "category_id": 3,
            "id": 10
        },
        {
            "segmentation": [
                [
                    275.3424657534247,
                    2.8949771689497723,
                    284.9315068493151,
                    14.310502283105023,
                    548.8584474885845,
                    12.484018264840184,
                    555.7077625570777,
                    0.6118721461187224,
                    646.5753424657535,
                    1.525114155251142,
                    660.2739726027397,
                    391.47945205479454,
                    0.4566210045662101,
                    349.47031963470323,
                    0.9132420091324202,
                    0.15525114155251174
                ]
            ],
            "iscrowd": 0,
            "area": 237495.25656262384,
            "image_id": 10,
            "bbox": [
                0.0,
                0.0,
                660.0,
                391.0
            ],
            "category_id": 3,
            "id": 11
        },
        {
            "segmentation": [
                [
                    0.9132420091324202,
                    146.73059360730593,
                    499.0,
                    0.0,
                    719.1780821917808,
                    1.525114155251142,
                    717.8082191780823,
                    401.5251141552512,
                    294.52054794520546,
                    363.6255707762557,
                    0.0,
                    367.7351598173516
                ]
            ],
            "iscrowd": 0,
            "area": 232970.77208565298,
            "image_id": 11,
            "bbox": [
                0.0,
                0.0,
                719.0,
                401.0
            ],
            "category_id": 3,
            "id": 12
        },
        {
            "segmentation": [
                [
                    328.3333333333333,
                    40.30303030303028,
                    281.3636363636364,
                    279.6969696969697,
                    282.8787878787879,
                    893.3333333333333,
                    75.3030303030303,
                    906.969696969697,
                    73.78787878787878,
                    1025.151515151515,
                    1917.7272727272727,
                    934.2424242424242,
                    1917.7272727272727,
                    394.8484848484849,
                    1037.4242424242423,
                    285.75757575757575,
                    1026.8181818181818,
                    156.96969696969694
                ]
            ],
            "iscrowd": 0,
            "area": 1240748.3930211202,
            "image_id": 12,
            "bbox": [
                73.0,
                40.0,
                1844.0,
                985.0
            ],
            "category_id": 4,
            "id": 13
        },
        {
            "segmentation": [
                [
                    233.6590909090909,
                    41.88636363636364,
                    205.8181818181818,
                    123.70454545454547,
                    200.13636363636363,
                    357.79545454545456,
                    145.5909090909091,
                    362.34090909090907,
                    143.3181818181818,
                    399.27272727272725,
                    719.4545454545455,
                    373.70454545454544,
                    718.8863636363636,
                    137.3409090909091,
                    492.1818181818182,
                    115.75,
                    485.9318181818182,
                    68.5909090909091
                ]
            ],
            "iscrowd": 0,
            "area": 155146.7264979339,
            "image_id": 13,
            "bbox": [
                143.0,
                41.0,
                576.0,
                358.0
            ],
            "category_id": 4,
            "id": 14
        },
        {
            "segmentation": [
                [
                    47.86363636363637,
                    47.56818181818181,
                    5.25,
                    345.8636363636364,
                    623.4318181818181,
                    264.04545454545456,
                    593.3181818181819,
                    208.9318181818182,
                    268.3181818181818,
                    135.63636363636363,
                    267.75,
                    107.22727272727272
                ]
            ],
            "iscrowd": 0,
            "area": 99933.01265495867,
            "image_id": 14,
            "bbox": [
                5.0,
                47.0,
                618.0,
                298.0
            ],
            "category_id": 4,
            "id": 15
        },
        {
            "segmentation": [
                [
                    1.0606060606060606,
                    166.06060606060606,
                    64.69696969696969,
                    167.57575757575756,
                    1501.060606060606,
                    170.60606060606057,
                    1645.0,
                    863.030303030303,
                    10.15151515151515,
                    849.3939393939394
                ]
            ],
            "iscrowd": 0,
            "area": 1076510.5601469236,
            "image_id": 15,
            "bbox": [
                1.0,
                166.0,
                1644.0,
                697.0
            ],
            "category_id": 5,
            "id": 16
        },
        {
            "segmentation": [
                [
                    313.6341463414634,
                    515.6585365853658,
                    1705.0,
                    0.0,
                    1919.0,
                    0.0,
                    1919.731707317073,
                    1029.0731707317073,
                    270.9512195121951,
                    893.7073170731707
                ]
            ],
            "iscrowd": 0,
            "area": 1195932.215348007,
            "image_id": 16,
            "bbox": [
                270.0,
                0.0,
                1649.0,
                1029.0
            ],
            "category_id": 5,
            "id": 17
        },
        {
            "segmentation": [
                [
                    1.5,
                    0.0,
                    395.0,
                    0.0,
                    719.0,
                    72.5,
                    719.0,
                    400.0,
                    2.0,
                    402.0
                ]
            ],
            "iscrowd": 0,
            "area": 275872.5,
            "image_id": 17,
            "bbox": [
                1.0,
                0.0,
                718.0,
                402.0
            ],
            "category_id": 5,
            "id": 18
        },
        {
            "segmentation": [
                [
                    305.0975609756097,
                    15.658536585365852,
                    259.9756097560975,
                    241.2682926829268,
                    195.34146341463412,
                    243.7073170731707,
                    6.317073170731707,
                    1075.4146341463413,
                    1918.512195121951,
                    1075.4146341463413,
                    1914.8536585365853,
                    1.0243902439024382,
                    450.2195121951219,
                    2.2439024390243887
                ]
            ],
            "iscrowd": 0,
            "area": 1904598.4533016055,
            "image_id": 18,
            "bbox": [
                6.0,
                1.0,
                1912.0,
                1074.0
            ],
            "category_id": 6,
            "id": 19
        },
        {
            "segmentation": [
                [
                    3.8780487804878048,
                    4.68292682926829,
                    0.0,
                    1079.0,
                    1917.2926829268292,
                    1079.0731707317073,
                    1916.0731707317073,
                    786.390243902439,
                    1774.6097560975609,
                    288.8292682926829,
                    1728.2682926829266,
                    265.6585365853658,
                    1714.8536585365853,
                    201.02439024390242,
                    1359.9756097560974,
                    65.65853658536585,
                    1250.2195121951218,
                    94.92682926829266,
                    1075.8292682926829,
                    44.92682926829268,
                    1013.6341463414633,
                    151.02439024390242,
                    1009.9756097560975,
                    86.39024390243901,
                    1020.951219512195,
                    66.8780487804878,
                    823.0,
                    0.0,
                    5.0,
                    0.0
                ]
            ],
            "iscrowd": 0,
            "area": 1892924.1511005356,
            "image_id": 19,
            "bbox": [
                0.0,
                0.0,
                1917.0,
                1079.0
            ],
            "category_id": 6,
            "id": 20
        },
        {
            "segmentation": [
                [
                    1.8264840182648403,
                    18.42009132420091,
                    100.45662100456622,
                    75.95433789954338,
                    157.53424657534248,
                    1.9817351598173527,
                    393.6073059360731,
                    183.71689497716895,
                    395.8904109589041,
                    225.26940639269407,
                    447.0319634703196,
                    207.00456621004568,
                    465.29680365296804,
                    224.81278538812785,
                    485.3881278538813,
                    223.44292237442923,
                    522.3744292237443,
                    255.40639269406392,
                    566.2100456621005,
                    401.5251141552512,
                    1.8264840182648403,
                    401.9817351598174
                ]
            ],
            "iscrowd": 0,
            "area": 154724.56787806767,
            "image_id": 20,
            "bbox": [
                1.0,
                1.0,
                565.0,
                400.0
            ],
            "category_id": 6,
            "id": 21
        },
        {
            "segmentation": [
                [
                    372.17073170731703,
                    1.0243902439024382,
                    290.4634146341463,
                    361.99999999999994,
                    256.3170731707317,
                    1071.7560975609756,
                    791.6829268292682,
                    1079.0731707317073,
                    1916.0731707317073,
                    935.170731707317,
                    1919.731707317073,
                    391.2682926829268,
                    1578.2682926829268,
                    214.43902439024387,
                    1568.5121951219512,
                    149.80487804878047,
                    1340.4634146341461,
                    16.878048780487802,
                    1284.3658536585365,
                    60.780487804878035,
                    1179.0,
                    0.0
                ]
            ],
            "iscrowd": 0,
            "area": 1541265.407495538,
            "image_id": 21,
            "bbox": [
                256.0,
                0.0,
                1663.0,
                1079.0
            ],
            "category_id": 7,
            "id": 22
        },
        {
            "segmentation": [
                [
                    5.097560975609755,
                    91.26829268292681,
                    608.7560975609756,
                    133.9512195121951,
                    618.5121951219512,
                    52.24390243902438,
                    1142.90243902439,
                    82.73170731707316,
                    1156.3170731707316,
                    151.02439024390242,
                    1918.512195121951,
                    188.8292682926829,
                    1918.512195121951,
                    1076.6341463414633,
                    6.317073170731707,
                    1079.0731707317073
                ]
            ],
            "iscrowd": 0,
            "area": 1826418.7983343243,
            "image_id": 22,
            "bbox": [
                5.0,
                52.0,
                1913.0,
                1027.0
            ],
            "category_id": 7,
            "id": 23
        },
        {
            "segmentation": [
                [
                    359.9756097560975,
                    553.4634146341463,
                    458.75609756097555,
                    502.2439024390244,
                    463.6341463414634,
                    463.2195121951219,
                    553.8780487804878,
                    413.2195121951219,
                    579.4878048780488,
                    424.1951219512195,
                    995.3414634146341,
                    165.65853658536585,
                    980.7073170731707,
                    138.8292682926829,
                    1070.951219512195,
                    91.26829268292681,
                    1081.9268292682925,
                    110.78048780487805,
                    1268.5121951219512,
                    1.0243902439024382,
                    1914.8536585365853,
                    3.463414634146339,
                    1913.6341463414633,
                    1076.6341463414633,
                    900.2195121951219,
                    1077.8536585365853,
                    223.390243902439,
                    879.0731707317073
                ]
            ],
            "iscrowd": 0,
            "area": 1408217.5788221294,
            "image_id": 23,
            "bbox": [
                223.0,
                1.0,
                1691.0,
                1076.0
            ],
            "category_id": 7,
            "id": 24
        },
        {
            "segmentation": [
                [
                    0.4566210045662101,
                    0.15525114155251174,
                    1.36986301369863,
                    317.9634703196347,
                    373.972602739726,
                    331.2054794520548,
                    537.8995433789954,
                    403.351598173516,
                    718.2648401826484,
                    400.61187214611874,
                    719.634703196347,
                    175.04109589041096,
                    650.2283105022831,
                    159.05936073059362,
                    719.634703196347,
                    135.7716894977169,
                    718.7214611872147,
                    29.378995433789953,
                    589.4977168949772,
                    99.2420091324201,
                    197.71689497716895,
                    1.9817351598173527
                ]
            ],
            "iscrowd": 0,
            "area": 224402.84814745322,
            "image_id": 24,
            "bbox": [
                0.0,
                0.0,
                719.0,
                403.0
            ],
            "category_id": 8,
            "id": 25
        },
        {
            "segmentation": [
                [
                    2.6585365853658534,
                    65.65853658536585,
                    5.097560975609755,
                    970.5365853658536,
                    1095.341463414634,
                    947.3658536585365,
                    1097.780487804878,
                    904.6829268292682,
                    1914.8536585365853,
                    885.170731707317,
                    1917.2926829268292,
                    4.68292682926829,
                    1268.5121951219512,
                    2.2439024390243887,
                    730.7073170731707,
                    77.85365853658536,
                    686.0,
                    0.0,
                    392.0,
                    0.0
                ]
            ],
            "iscrowd": 0,
            "area": 1743011.3230220105,
            "image_id": 25,
            "bbox": [
                2.0,
                0.0,
                1915.0,
                970.0
            ],
            "category_id": 8,
            "id": 26
        },
        {
            "segmentation": [
                [
                    480.7073170731707,
                    330.29268292682923,
                    477.04878048780483,
                    357.12195121951214,
                    502.6585365853658,
                    372.9756097560975,
                    496.56097560975604,
                    422.9756097560975,
                    322.17073170731703,
                    499.80487804878044,
                    231.92682926829266,
                    753.4634146341463,
                    267.29268292682923,
                    771.7560975609756,
                    202.65853658536585,
                    926.6341463414633,
                    477.04878048780483,
                    1072.9756097560976,
                    1913.6341463414633,
                    1075.4146341463413,
                    1916.0731707317073,
                    2.2439024390243887,
                    1116.0731707317073,
                    4.68292682926829
                ]
            ],
            "iscrowd": 0,
            "area": 1550373.2897085065,
            "image_id": 26,
            "bbox": [
                202.0,
                2.0,
                1714.0,
                1073.0
            ],
            "category_id": 8,
            "id": 27
        },
        {
            "segmentation": [
                [
                    88.12785388127854,
                    167.73515981735162,
                    53.881278538812786,
                    322.98630136986304,
                    719.1780821917808,
                    345.36073059360734,
                    719.0,
                    311.0,
                    717.351598173516,
                    1.525114155251142,
                    695.8904109589041,
                    1.525114155251142
                ]
            ],
            "iscrowd": 0,
            "area": 162138.021517483,
            "image_id": 27,
            "bbox": [
                53.0,
                1.0,
                666.0,
                344.0
            ],
            "category_id": 9,
            "id": 28
        },
        {
            "segmentation": [
                [
                    2.6585365853658534,
                    99.80487804878047,
                    1324.6097560975609,
                    179.0731707317073,
                    1345.341463414634,
                    154.68292682926827,
                    1573.390243902439,
                    160.78048780487802,
                    1620.951219512195,
                    193.7073170731707,
                    1911.1951219512193,
                    225.41463414634143,
                    1916.0731707317073,
                    926.6341463414633,
                    6.317073170731707,
                    903.4634146341463
                ]
            ],
            "iscrowd": 0,
            "area": 1453529.8929208799,
            "image_id": 28,
            "bbox": [
                2.0,
                99.0,
                1914.0,
                827.0
            ],
            "category_id": 9,
            "id": 29
        },
        {
            "segmentation": [
                [
                    578.2682926829268,
                    5.90243902439024,
                    813.6341463414634,
                    77.85365853658536,
                    859.9756097560975,
                    40.048780487804876,
                    1145.341463414634,
                    152.24390243902437,
                    1151.4390243902437,
                    208.34146341463412,
                    1642.90243902439,
                    379.0731707317073,
                    1719.731707317073,
                    1074.1951219512193,
                    11.19512195121951,
                    1075.4146341463413,
                    2.6585365853658534,
                    4.68292682926829
                ]
            ],
            "iscrowd": 0,
            "area": 1596609.1612135633,
            "image_id": 29,
            "bbox": [
                2.0,
                4.0,
                1717.0,
                1071.0
            ],
            "category_id": 9,
            "id": 30
        },
        {
            "segmentation": [
                [
                    855.0975609756097,
                    1.0243902439024382,
                    897.780487804878,
                    209.56097560975607,
                    963.6341463414633,
                    210.78048780487802,
                    975.8292682926829,
                    185.17073170731706,
                    1414.8536585365853,
                    163.21951219512192,
                    1441.6829268292681,
                    312.0,
                    1530.7073170731705,
                    312.0,
                    1645.341463414634,
                    963.2195121951219,
                    892.9024390243902,
                    1060.780487804878,
                    844.1219512195121,
                    1033.951219512195,
                    308.7560975609756,
                    963.2195121951219,
                    7.536585365853657,
                    963.2195121951219,
                    1.4390243902439024,
                    3.463414634146339
                ]
            ],
            "iscrowd": 0,
            "area": 1433872.6948245086,
            "image_id": 30,
            "bbox": [
                1.0,
                1.0,
                1644.0,
                1059.0
            ],
            "category_id": 10,
            "id": 31
        },
        {
            "segmentation": [
                [
                    861.1951219512194,
                    1.0243902439024382,
                    900.2195121951219,
                    72.97560975609755,
                    983.1463414634146,
                    65.65853658536585,
                    980.7073170731707,
                    26.634146341463406,
                    1172.170731707317,
                    4.68292682926829,
                    1263.6341463414633,
                    1.0243902439024382,
                    1274.6097560975609,
                    79.07317073170731,
                    1333.1463414634145,
                    112.0,
                    1573.390243902439,
                    75.41463414634146,
                    1561.1951219512193,
                    1.0243902439024382,
                    1588.0243902439024,
                    1.0243902439024382,
                    1624.6097560975609,
                    130.29268292682926,
                    1757.5365853658536,
                    114.4390243902439,
                    1912.4146341463413,
                    779.0731707317073,
                    1914.8536585365853,
                    1018.0975609756097,
                    1534.3658536585365,
                    1071.7560975609756,
                    270.9512195121951,
                    1074.1951219512193,
                    1.4390243902439024,
                    1054.6829268292681,
                    0.0,
                    0.0
                ]
            ],
            "iscrowd": 0,
            "area": 1911895.2409280185,
            "image_id": 31,
            "bbox": [
                0.0,
                0.0,
                1914.0,
                1074.0
            ],
            "category_id": 10,
            "id": 32
        },
        {
            "segmentation": [
                [
                    1.4390243902439024,
                    10.780487804878042,
                    8.75609756097561,
                    788.8292682926829,
                    209.97560975609755,
                    822.9756097560975,
                    212.41463414634146,
                    851.0243902439024,
                    294.1219512195122,
                    841.2682926829268,
                    297.780487804878,
                    866.8780487804877,
                    1689.2439024390242,
                    843.7073170731707,
                    1540.4634146341461,
                    37.609756097560975,
                    1428.2682926829268,
                    74.1951219512195,
                    1395.341463414634,
                    7.121951219512191,
                    1106.3170731707316,
                    3.463414634146339,
                    842.9024390243902,
                    102.24390243902437,
                    723.390243902439,
                    3.463414634146339
                ]
            ],
            "iscrowd": 0,
            "area": 1329417.013682332,
            "image_id": 32,
            "bbox": [
                1.0,
                3.0,
                1688.0,
                863.0
            ],
            "category_id": 10,
            "id": 33
        },
        {
            "segmentation": [
                [
                    22.374429223744293,
                    0.15525114155251174,
                    141.0958904109589,
                    15.223744292237445,
                    140.63926940639269,
                    1.525114155251142,
                    335.1598173515982,
                    0.15525114155251174,
                    334.24657534246575,
                    44.44748858447489,
                    631.9634703196347,
                    84.63013698630137,
                    668.4931506849315,
                    71.84474885844749,
                    718.7214611872147,
                    46.730593607305934,
                    718.7214611872147,
                    320.70319634703196,
                    2.2831050228310503,
                    345.8173515981735,
                    1.0,
                    0.0
                ]
            ],
            "iscrowd": 0,
            "area": 212878.2896520089,
            "image_id": 33,
            "bbox": [
                1.0,
                0.0,
                717.0,
                345.0
            ],
            "category_id": 11,
            "id": 34
        },
        {
            "segmentation": [
                [
                    0.2195121951219512,
                    535.170731707317,
                    746.560975609756,
                    448.5853658536585,
                    741.6829268292682,
                    351.0243902439024,
                    758.7560975609756,
                    341.2682926829268,
                    750.2195121951219,
                    63.21951219512195,
                    1125.8292682926829,
                    5.90243902439024,
                    1158.7560975609756,
                    169.3170731707317,
                    1180.7073170731705,
                    255.90243902439022,
                    1190.4634146341461,
                    398.5853658536585,
                    1917.2926829268292,
                    316.8780487804878,
                    1914.8536585365853,
                    1072.9756097560976,
                    2.6585365853658534,
                    1076.6341463414633
                ]
            ],
            "iscrowd": 0,
            "area": 1405819.452706722,
            "image_id": 34,
            "bbox": [
                0.0,
                5.0,
                1917.0,
                1071.0
            ],
            "category_id": 11,
            "id": 35
        },
        {
            "segmentation": [
                [
                    160.27397260273972,
                    127.55251141552512,
                    120.09132420091325,
                    170.01826484018267,
                    112.78538812785388,
                    359.5159817351598,
                    716.8949771689498,
                    376.4109589041096,
                    719.634703196347,
                    46.273972602739725,
                    696.3470319634704,
                    49.92694063926941,
                    693.0,
                    0.0,
                    489.9543378995434,
                    0.15525114155251174,
                    492.69406392694066,
                    49.470319634703195,
                    486.3013698630137,
                    54.49315068493151,
                    490.4109589041096,
                    93.76255707762557,
                    231.5068493150685,
                    152.66666666666666,
                    202.73972602739727,
                    143.99086757990867
                ]
            ],
            "iscrowd": 0,
            "area": 171843.75951293763,
            "image_id": 35,
            "bbox": [
                112.0,
                0.0,
                607.0,
                376.0
            ],
            "category_id": 11,
            "id": 36
        },
        {
            "segmentation": [
                [
                    350.6849315068493,
                    110.65753424657535,
                    271.689497716895,
                    130.7488584474886,
                    220.54794520547946,
                    161.34246575342465,
                    196.80365296803654,
                    311.57077625570776,
                    462.5570776255708,
                    322.0730593607306,
                    719.1780821917808,
                    329.37899543378995,
                    716.8949771689498,
                    180.5205479452055,
                    429.68036529680364,
                    35.31506849315068
                ]
            ],
            "iscrowd": 0,
            "area": 107822.91862137982,
            "image_id": 36,
            "bbox": [
                196.0,
                35.0,
                523.0,
                294.0
            ],
            "category_id": 12,
            "id": 37
        },
        {
            "segmentation": [
                [
                    268.4931506849315,
                    87.82648401826484,
                    202.28310502283105,
                    102.89497716894978,
                    150.2283105022831,
                    134.40182648401827,
                    148.40182648401827,
                    143.99086757990867,
                    129.22374429223746,
                    301.06849315068496,
                    208.675799086758,
                    314.76712328767127,
                    650.2283105022831,
                    297.87214611872145,
                    604.5662100456622,
                    129.83561643835617,
                    320.54794520547944,
                    0.6118721461187224
                ]
            ],
            "iscrowd": 0,
            "area": 112117.34534309126,
            "image_id": 37,
            "bbox": [
                129.0,
                0.0,
                521.0,
                314.0
            ],
            "category_id": 12,
            "id": 38
        },
        {
            "segmentation": [
                [
                    1155.0975609756097,
                    58.341463414634134,
                    889.2439024390243,
                    312.0,
                    674.6097560975609,
                    344.92682926829264,
                    477.04878048780483,
                    432.73170731707313,
                    431.92682926829264,
                    492.4878048780488,
                    319.73170731707313,
                    994.9268292682925,
                    549.0,
                    993.7073170731705,
                    889.2439024390243,
                    1058.341463414634,
                    1122.170731707317,
                    1062.0,
                    1355.0975609756097,
                    1027.8536585365853,
                    1586.8048780487804,
                    982.7317073170731,
                    1842.90243902439,
                    1009.560975609756,
                    1784.3658536585365,
                    538.8292682926829
                ]
            ],
            "iscrowd": 0,
            "area": 1021373.4384295056,
            "image_id": 38,
            "bbox": [
                319.0,
                58.0,
                1523.0,
                1004.0
            ],
            "category_id": 12,
            "id": 39
        },
        {
            "segmentation": [
                [
                    2.6585365853658534,
                    1.0243902439024382,
                    478.0,
                    0.0,
                    574.0,
                    0.0,
                    583.1463414634146,
                    119.3170731707317,
                    1445.341463414634,
                    163.21951219512192,
                    1452.6585365853657,
                    204.68292682926827,
                    1627.0487804878048,
                    218.09756097560972,
                    1684.3658536585365,
                    694.9268292682926,
                    1584.3658536585365,
                    720.5365853658536,
                    1614.8536585365853,
                    937.6097560975609,
                    335.5853658536585,
                    982.7317073170731,
                    3.8780487804878048,
                    1007.1219512195121
                ]
            ],
            "iscrowd": 0,
            "area": 1417485.473527662,
            "image_id": 39,
            "bbox": [
                2.0,
                0.0,
                1682.0,
                1007.0
            ],
            "category_id": 13,
            "id": 40
        },
        {
            "segmentation": [
                [
                    3.8780487804878048,
                    4.68292682926829,
                    675.0,
                    0.0,
                    1257.5365853658536,
                    101.02439024390242,
                    1269.7317073170732,
                    144.92682926829266,
                    1464.8536585365853,
                    192.48780487804876,
                    1524.6097560975609,
                    730.2926829268292,
                    1452.6585365853657,
                    737.6097560975609,
                    1494.121951219512,
                    975.4146341463414,
                    300.2195121951219,
                    1074.1951219512193,
                    3.8780487804878048,
                    1076.6341463414633
                ]
            ],
            "iscrowd": 0,
            "area": 1466516.0618679358,
            "image_id": 40,
            "bbox": [
                3.0,
                0.0,
                1521.0,
                1076.0
            ],
            "category_id": 13,
            "id": 41
        },
        {
            "segmentation": [
                [
                    0.0,
                    0.15525114155251174,
                    0.9132420091324202,
                    358.6027397260274,
                    678.9954337899544,
                    336.22831050228314,
                    661.1872146118722,
                    59.51598173515981,
                    602.283105022831,
                    52.66666666666667,
                    601.8264840182649,
                    31.662100456621005,
                    256.16438356164383,
                    33.03196347031964,
                    245.0,
                    0.0
                ]
            ],
            "iscrowd": 0,
            "area": 217508.5319321949,
            "image_id": 41,
            "bbox": [
                0.0,
                0.0,
                678.0,
                358.0
            ],
            "category_id": 13,
            "id": 42
        },
        {
            "segmentation": [
                [
                    269.73170731707313,
                    655.9024390243902,
                    1431.9268292682925,
                    196.14634146341461,
                    1914.8536585365853,
                    348.5853658536585,
                    1917.2926829268292,
                    938.8292682926829,
                    246.56097560975607,
                    949.8048780487804
                ]
            ],
            "iscrowd": 0,
            "area": 930871.5050565139,
            "image_id": 42,
            "bbox": [
                246.0,
                196.0,
                1671.0,
                753.0
            ],
            "category_id": 14,
            "id": 43
        },
        {
            "segmentation": [
                [
                    2.6585365853658534,
                    315.6585365853658,
                    838.0243902439024,
                    90.04878048780486,
                    1369.731707317073,
                    426.6341463414634,
                    1912.4146341463413,
                    340.04878048780483,
                    1914.8536585365853,
                    903.4634146341463,
                    3.8780487804878048,
                    914.4390243902438
                ]
            ],
            "iscrowd": 0,
            "area": 1221365.2587745385,
            "image_id": 43,
            "bbox": [
                2.0,
                90.0,
                1912.0,
                824.0
            ],
            "category_id": 14,
            "id": 44
        },
        {
            "segmentation": [
                [
                    179.48780487804876,
                    601.0243902439024,
                    153.8780487804878,
                    840.0487804878048,
                    1913.6341463414633,
                    866.8780487804877,
                    1913.6341463414633,
                    449.80487804878044,
                    1619.731707317073,
                    491.2682926829268,
                    1461.1951219512193,
                    379.0731707317073,
                    1256.3170731707316,
                    255.90243902439022
                ]
            ],
            "iscrowd": 0,
            "area": 749724.1225461036,
            "image_id": 44,
            "bbox": [
                153.0,
                255.0,
                1760.0,
                611.0
            ],
            "category_id": 14,
            "id": 45
        },
        {
            "segmentation": [
                [
                    137.44292237442923,
                    62.25570776255708,
                    59.817351598173516,
                    401.9817351598174,
                    550.6849315068494,
                    391.93607305936075,
                    471.2328767123288,
                    103.8082191780822,
                    478.99543378995435,
                    92.84931506849315,
                    471.689497716895,
                    78.69406392694064,
                    487.2146118721461,
                    58.14611872146119,
                    440.0,
                    0.0,
                    412.0,
                    0.0,
                    319.17808219178085,
                    23.442922374429223,
                    311.4155251141553,
                    76.86757990867581
                ]
            ],
            "iscrowd": 0,
            "area": 143388.99197264444,
            "image_id": 45,
            "bbox": [
                59.0,
                0.0,
                491.0,
                401.0
            ],
            "category_id": 15,
            "id": 46
        },
        {
            "segmentation": [
                [
                    133.78995433789956,
                    59.05936073059361,
                    57.990867579908674,
                    401.5251141552512,
                    210.50228310502283,
                    400.1552511415525,
                    414.1552511415525,
                    386.91324200913243,
                    547.4885844748859,
                    386.4566210045662,
                    470.7762557077626,
                    99.69863013698631,
                    479.45205479452056,
                    91.47945205479452,
                    470.7762557077626,
                    78.23744292237443,
                    486.3013698630137,
                    54.94977168949772,
                    443.0,
                    0.0,
                    404.5662100456621,
                    0.15525114155251174,
                    322.3744292237443,
                    22.073059360730596,
                    310.50228310502285,
                    77.32420091324201
                ]
            ],
            "iscrowd": 0,
            "area": 143112.5560351119,
            "image_id": 46,
            "bbox": [
                57.0,
                0.0,
                490.0,
                401.0
            ],
            "category_id": 15,
            "id": 47
        },
        {
            "segmentation": [
                [
                    186.7579908675799,
                    86.0,
                    134.70319634703196,
                    400.1552511415525,
                    418.72146118721463,
                    388.2831050228311,
                    567.1232876712329,
                    386.91324200913243,
                    494.52054794520546,
                    106.54794520547945,
                    501.82648401826486,
                    98.78538812785388,
                    494.0639269406393,
                    85.08675799086758,
                    510.50228310502285,
                    59.05936073059361,
                    456.16438356164383,
                    6.547945205479454,
                    347.0319634703196,
                    41.70776255707763,
                    336.5296803652968,
                    92.39269406392694
                ]
            ],
            "iscrowd": 0,
            "area": 121661.3498467505,
            "image_id": 47,
            "bbox": [
                134.0,
                6.0,
                433.0,
                394.0
            ],
            "category_id": 15,
            "id": 48
        },
        {
            "segmentation": [
                [
                    310.95890410958907,
                    47.64383561643836,
                    300.0,
                    90.5662100456621,
                    250.68493150684932,
                    186.91324200913243,
                    128.76712328767124,
                    223.44292237442923,
                    118.72146118721462,
                    254.4931506849315,
                    234.70319634703196,
                    273.67123287671234,
                    233.33333333333334,
                    402.89497716894977,
                    509.5890410958904,
                    402.89497716894977,
                    718.2648401826484,
                    391.47945205479454,
                    718.7214611872147,
                    169.10502283105023,
                    542.0091324200913,
                    133.94520547945206,
                    485.3881278538813,
                    107.00456621004567,
                    431.0502283105023,
                    70.47488584474885,
                    425.57077625570776,
                    38.51141552511416,
                    412.7853881278539,
                    28.009132420091326,
                    403.19634703196346,
                    41.70776255707763,
                    401.82648401826486,
                    68.64840182648402,
                    394.52054794520546,
                    80.06392694063928,
                    332.42009132420094,
                    62.25570776255708,
                    329.68036529680364,
                    39.42465753424658
                ]
            ],
            "iscrowd": 0,
            "area": 143993.9742707616,
            "image_id": 48,
            "bbox": [
                118.0,
                28.0,
                600.0,
                374.0
            ],
            "category_id": 16,
            "id": 49
        },
        {
            "segmentation": [
                [
                    284.01826484018267,
                    44.44748858447489,
                    263.9269406392694,
                    107.00456621004567,
                    214.15525114155253,
                    187.36986301369865,
                    89.95433789954338,
                    218.87671232876713,
                    79.90867579908677,
                    248.5570776255708,
                    198.63013698630138,
                    272.3013698630137,
                    193.60730593607306,
                    401.9817351598174,
                    479.45205479452056,
                    402.89497716894977,
                    719.1780821917808,
                    382.80365296803654,
                    718.7214611872147,
                    318.42009132420094,
                    707.7625570776256,
                    241.25114155251143,
                    718.2648401826484,
                    229.37899543378995,
                    718.7214611872147,
                    182.34703196347033,
                    574.4292237442922,
                    143.99086757990867,
                    547.4885844748859,
                    118.42009132420091,
                    538.8127853881278,
                    126.1826484018265,
                    452.9680365296804,
                    106.09132420091325,
                    400.91324200913243,
                    70.93150684931507,
                    396.80365296803654,
                    41.70776255707763,
                    384.01826484018267,
                    29.378995433789953,
                    375.3424657534247,
                    43.990867579908674,
                    376.2557077625571,
                    68.64840182648402,
                    363.013698630137,
                    79.15068493150685,
                    306.8493150684932,
                    59.51598173515981,
                    298.1735159817352,
                    36.68493150684932
                ]
            ],
            "iscrowd": 0,
            "area": 151817.72690310888,
            "image_id": 49,
            "bbox": [
                79.0,
                29.0,
                640.0,
                373.0
            ],
            "category_id": 16,
            "id": 50
        },
        {
            "segmentation": [
                [
                    183.10502283105023,
                    10.200913242009133,
                    150.2283105022831,
                    86.45662100456622,
                    102.28310502283105,
                    154.0365296803653,
                    1.8264840182648403,
                    180.5205479452055,
                    1.8264840182648403,
                    229.83561643835617,
                    81.27853881278538,
                    245.3607305936073,
                    78.08219178082192,
                    403.351598173516,
                    311.4155251141553,
                    400.1552511415525,
                    645.2054794520548,
                    360.88584474885846,
                    638.3561643835617,
                    308.3744292237443,
                    596.8036529680365,
                    308.3744292237443,
                    584.0182648401826,
                    230.7488584474886,
                    617.351598173516,
                    208.3744292237443,
                    685.3881278538813,
                    192.39269406392694,
                    668.0365296803653,
                    179.60730593607306,
                    499.08675799086757,
                    144.9041095890411,
                    464.8401826484018,
                    127.0958904109589,
                    446.11872146118725,
                    98.78538812785388,
                    436.98630136986304,
                    113.3972602739726,
                    353.4246575342466,
                    91.02283105022832,
                    303.19634703196346,
                    48.55707762557078,
                    298.1735159817352,
                    16.593607305936075,
                    289.4977168949772,
                    3.351598173515981,
                    278.99543378995435,
                    13.397260273972602,
                    277.6255707762557,
                    41.25114155251142,
                    263.47031963470323,
                    52.66666666666667,
                    200.0,
                    20.246575342465754,
                    199.0867579908676,
                    1.525114155251142
                ]
            ],
            "iscrowd": 0,
            "area": 162953.54558912467,
            "image_id": 50,
            "bbox": [
                1.0,
                1.0,
                684.0,
                402.0
            ],
            "category_id": 16,
            "id": 51
        },
        {
            "segmentation": [
                [
                    2.6923076923076916,
                    1142.076923076923,
                    120.64102564102564,
                    883.1025641025641,
                    169.35897435897436,
                    883.1025641025641,
                    207.82051282051282,
                    780.5384615384615,
                    959.1025641025641,
                    883.1025641025641,
                    1207.8205128205127,
                    649.7692307692307,
                    1618.076923076923,
                    724.1282051282051,
                    1625.7692307692307,
                    849.7692307692307,
                    1697.5641025641025,
                    724.1282051282051,
                    1918.076923076923,
                    744.6410256410256,
                    1889.871794871795,
                    677.9743589743589,
                    2084.74358974359,
                    406.1794871794872,
                    2092.4358974358975,
                    288.2307692307692,
                    2182.1794871794873,
                    147.2051282051282,
                    2510.3846153846152,
                    188.23076923076923,
                    2548.846153846154,
                    470.28205128205127,
                    2869.358974358974,
                    477.974358974359,
                    2882.1794871794873,
                    672.8461538461538,
                    2941.153846153846,
                    675.4102564102564,
                    3236.025641025641,
                    480.53846153846155,
                    4025.7692307692305,
                    531.8205128205128,
                    4020.6410256410254,
                    2267.7179487179487,
                    2.6923076923076916,
                    1831.8205128205127
                ]
            ],
            "iscrowd": 0,
            "area": 5781949.375410914,
            "image_id": 51,
            "bbox": [
                2.0,
                147.0,
                4023.0,
                2120.0
            ],
            "category_id": 17,
            "id": 52
        },
        {
            "segmentation": [
                [
                    47.945205479452056,
                    117.9634703196347,
                    0.9132420091324202,
                    272.7579908675799,
                    0.0,
                    356.7762557077626,
                    528.310502283105,
                    402.43835616438355,
                    717.8082191780823,
                    402.43835616438355,
                    718.7214611872147,
                    117.9634703196347,
                    668.9497716894978,
                    93.76255707762557,
                    587.2146118721462,
                    129.83561643835617,
                    555.7077625570777,
                    27.552511415525117,
                    509.5890410958904,
                    7.917808219178081,
                    470.31963470319636,
                    47.18721461187215,
                    470.31963470319636,
                    64.08219178082192,
                    399.5433789954338,
                    126.63926940639269,
                    379.9086757990868,
                    125.26940639269407,
                    347.48858447488584,
                    162.7123287671233,
                    348.4018264840183,
                    137.59817351598173,
                    285.38812785388126,
                    110.65753424657535,
                    223.2876712328767,
                    149.92694063926942,
                    74.88584474885845,
                    100.61187214611873
                ]
            ],
            "iscrowd": 0,
            "area": 197586.5807635371,
            "image_id": 52,
            "bbox": [
                0.0,
                7.0,
                718.0,
                395.0
            ],
            "category_id": 17,
            "id": 53
        },
        {
            "segmentation": [
                [
                    0.4566210045662101,
                    74.58447488584476,
                    114.15525114155251,
                    116.59360730593608,
                    181.73515981735162,
                    79.15068493150685,
                    256.62100456621005,
                    119.78995433789956,
                    254.7945205479452,
                    144.9041095890411,
                    295.8904109589041,
                    106.54794520547945,
                    314.61187214611874,
                    114.31050228310502,
                    383.10502283105023,
                    59.51598173515981,
                    383.10502283105023,
                    47.18721461187215,
                    422.3744292237443,
                    9.287671232876711,
                    463.013698630137,
                    38.96803652968037,
                    478.99543378995435,
                    135.31506849315068,
                    537.8995433789954,
                    112.02739726027397,
                    587.6712328767123,
                    143.99086757990867,
                    606.8493150684932,
                    170.47488584474885,
                    606.8493150684932,
                    340.79452054794524,
                    322.8310502283105,
                    342.62100456621005,
                    0.9132420091324202,
                    352.21004566210047
                ]
            ],
            "iscrowd": 0,
            "area": 150957.5488417673,
            "image_id": 53,
            "bbox": [
                0.0,
                9.0,
                606.0,
                343.0
            ],
            "category_id": 17,
            "id": 54
        }
    ]
}